legacy_order_id,customer_id,customer_name,item_count,amount_total,product_match_status
39506,7,"苏州汇思阳光科技有限公司",2,820.00,all_unique
38511,7,"苏州汇思阳光科技有限公司",2,2050.00,all_unique
37965,37,"苏州思迈尔电子设备有限公司",2,1875.00,all_unique
34014,37,"苏州思迈尔电子设备有限公司",2,10000.00,all_unique
33363,7,"苏州汇思阳光科技有限公司",2,1230.00,all_unique
33190,7,"苏州汇思阳光科技有限公司",2,1230.00,all_unique
33075,37,"苏州思迈尔电子设备有限公司",2,2500.00,all_unique
32797,78,"苏州工业园区康裕包装有限公司",4,6606.00,all_unique
32585,78,"苏州工业园区康裕包装有限公司",4,6606.00,all_unique
32549,37,"苏州思迈尔电子设备有限公司",2,3125.00,all_unique
32539,7,"苏州汇思阳光科技有限公司",2,1435.00,all_unique
32417,78,"苏州工业园区康裕包装有限公司",4,6606.00,all_unique
32335,7,"苏州汇思阳光科技有限公司",2,6150.00,all_unique
32168,78,"苏州工业园区康裕包装有限公司",4,6606.00,all_unique
32159,37,"苏州思迈尔电子设备有限公司",2,3125.00,all_unique
31873,78,"苏州工业园区康裕包装有限公司",4,6606.00,all_unique
31698,78,"苏州工业园区康裕包装有限公司",4,4954.50,all_unique
31603,78,"苏州工业园区康裕包装有限公司",4,6742.40,all_unique
31564,37,"苏州思迈尔电子设备有限公司",2,3750.00,all_unique
31489,78,"苏州工业园区康裕包装有限公司",4,3371.20,all_unique
