legacy_order_id,item_count,customer_id,amount
26398,1,5,44.70
26397,1,5,24.20
26396,1,5,42.60
26395,1,5,87.20
26394,1,5,16.54
26393,1,5,34.56
26392,1,5,2.65
26391,1,5,67.32
26390,1,5,367.20
26389,1,5,158.64
26388,1,5,345.00
26387,1,5,756.45
26385,1,5,380.56
26384,1,5,31.80
26381,1,5,66.00
26380,1,5,123.90
26379,1,5,367.71
26368,1,5,360.50
26363,1,5,1626.00
26362,1,5,1623.00
26361,1,5,860.00
26360,1,5,2168.64
26359,1,5,383.50
26358,1,5,132.00
26357,1,5,143.60
26356,1,5,367.71
26353,1,5,538.20
26345,1,5,2318.80
26333,1,5,1770.00
26332,1,5,390.00
26326,1,5,34.90
26319,1,5,227.60
26318,1,5,454.00
26317,1,5,74.10
26316,1,5,11.64
26315,1,5,217.36
26313,1,5,90.40
26312,1,5,302.58
26289,1,5,70.08
26288,1,5,134.10
26287,1,5,79.32
26286,1,5,191.70
26285,1,5,107.40
26284,1,5,230.52
26249,1,5,1746.00
26248,1,5,2230.20
26247,1,5,6496.21
26242,1,5,930.00
26241,1,5,751.50
26236,1,5,7560.00
26235,1,5,1299.00
26234,1,5,1360.00
26231,1,5,131.40
26229,1,5,39.60
26228,1,5,74.34
26227,1,5,223.51
26226,1,5,53.60
26225,1,5,375.60
26224,1,5,188.10
26223,1,5,1302.30
26222,1,5,27.45
26220,1,5,29.40
26188,1,5,67.04
26187,1,5,537.92
26185,1,5,272.64
26176,1,5,903.00
26167,1,5,16.90
26165,1,5,97.35
26162,1,5,52.80
26161,1,5,99.12
26160,1,5,295.61
26159,1,5,1002.00
26158,1,5,465.00
26155,1,5,187.60
26154,1,5,516.40
26150,1,5,50.44
26149,1,5,226.20
26148,1,5,162.90
26146,1,5,528.71
26145,1,5,676.20
26144,1,5,8400.00
26143,1,5,7560.00
26142,1,5,4380.00
26141,1,5,1626.00
26140,1,5,2244.00
26138,1,5,2925.00
26137,1,5,1910.00
26099,1,5,409.76
26096,1,5,275.00
26093,1,5,167.60
26090,1,5,113.80
26089,1,5,227.00
26088,1,5,4032.71
26087,1,5,1724.00
26085,1,5,1248.00
26084,1,5,714.00
26067,1,5,152.00
26066,1,5,465.12
26063,1,5,96.50
26061,1,5,113.00
26060,1,5,66.00
26059,1,5,343.50
26057,1,5,360.50
26055,1,5,376.38
26018,1,5,163.68
26016,1,5,69.50
26015,1,5,133.86
26013,1,5,51.15
26012,1,5,365.11
26011,1,5,795.20
26010,1,5,7.72
26007,1,5,33.52
26006,1,5,11.38
26005,1,5,22.70
26004,1,5,162.90
26001,1,5,522.90
25999,1,5,678.60
25997,1,5,386.40
25995,1,5,516.40
25994,1,5,335.42
25993,1,5,187.60
25992,1,5,58.20
25980,1,5,3625.00
25979,1,5,13.52
25971,1,5,383.50
25970,1,5,251.80
25969,1,5,565.60
25968,1,5,169.00
25964,1,5,41.70
25963,1,5,132.00
25962,1,5,360.50
25960,1,5,167.60
25959,1,5,699.00
25956,1,5,96.00
25955,1,5,442.50
25953,1,5,12386.64
25952,1,5,3360.00
25950,1,5,113.00
25949,1,5,376.38
25943,1,5,152.10
25940,1,5,778.05
25939,1,5,28.80
25936,1,5,1066.05
25935,1,5,134.10
25934,1,5,227.60
25933,1,5,454.00
25929,1,5,109.40
25928,1,5,6406.40
25903,1,5,934.40
25902,1,5,673.20
25897,1,5,7518.00
25892,1,5,34.90
25890,1,5,615.00
25865,1,5,251.80
25862,1,5,82.00
25861,1,5,33.80
25859,1,5,158.80
25858,1,5,2170.35
25857,1,5,432.62
25856,1,5,6372.08
25855,1,5,8.25
25854,1,5,30.60
25852,1,5,73.80
25851,1,5,95.40
25849,1,5,180.80
25848,1,5,523.98
25847,1,5,55.20
25846,1,5,404.28
25845,1,5,1141.14
25844,1,5,885.00
25843,1,5,6723.57
25841,1,5,1824.00
25837,1,5,360.50
25836,1,5,728.21
25835,1,5,0.98
25834,1,5,350.40
25829,1,5,981.12
25828,1,5,3118.08
25827,1,5,779.52
25826,1,5,1559.04
25825,1,5,5463.60
25824,1,5,3118.08
25823,1,5,278.16
25822,1,5,3516.48
25821,1,5,19.60
25818,1,5,360.50
25801,1,5,33.80
25800,1,5,175.20
25799,1,5,648.00
25798,1,5,772.20
25797,1,5,3576.16
25795,1,5,322.04
25772,1,5,268.20
25771,1,5,1092.00
25770,1,5,1601.60
25769,1,5,536.25
25768,1,5,145.50
25767,1,5,1676.96
25765,1,5,109.85
25763,1,5,516.10
25762,1,5,290.10
25761,1,5,2705.00
25758,1,5,243.20
25757,1,5,138.24
25756,1,5,223.50
25755,1,5,1003.20
25754,1,5,28.84
25753,1,5,213.00
25752,1,5,485.00
25739,1,5,1342.00
25738,1,5,3195.00
25737,1,5,4065.00
25736,1,5,4966.50
25734,1,5,4741.88
25729,1,5,34.90
25726,1,5,71.61
25725,1,5,66.00
25724,1,5,367.71
25723,1,5,377.70
25722,1,5,845.60
25721,1,5,253.50
25718,1,5,4470.00
25717,1,5,11200.00
25716,1,5,8190.00
25697,1,5,4940.00
25671,1,5,33.52
25670,1,5,99.12
25669,1,5,295.61
25668,1,5,19.60
25667,1,5,52.80
25665,1,5,122.15
25662,1,5,5.68
25661,1,5,1920.00
25660,1,5,16.81
25658,1,5,7077.07
25653,1,5,460.00
25645,1,5,1412.46
25644,1,5,1685.04
25637,1,5,291.90
25632,1,5,2611.32
25631,1,5,805.35
25630,1,5,161.02
25629,1,5,2362.36
25628,1,5,1170.00
25627,1,5,232.80
25626,1,5,3437.72
25623,1,5,41.70
25622,1,5,451.50
25621,1,5,813.00
25620,1,5,1400.00
25619,1,5,1890.00
25618,1,5,2292.00
25593,1,5,1546.00
25592,1,5,1122.00
25588,1,5,3820.00
25586,1,5,83.60
25585,1,5,868.20
25584,1,5,1502.40
25583,1,5,222.61
25579,1,5,67.04
25578,1,5,1502.40
25575,1,5,139.60
25574,1,5,66.00
25573,1,5,367.20
25572,1,5,146.30
25571,1,5,214.40
25570,1,5,193.40
25569,1,5,1012.90
25564,1,5,537.92
25562,1,5,272.64
25561,1,5,455.20
25560,1,5,682.80
25559,1,5,908.00
25558,1,5,1362.00
25551,1,5,2640.00
25550,1,5,595.00
25547,1,5,50.28
25453,1,5,435.00
25447,1,5,1056.16
25446,1,5,73.80
25445,1,5,369.00
25444,1,5,274.56
25443,1,5,1431.00
25441,1,5,180.80
25440,1,5,147.60
25439,1,5,330.00
25438,1,5,1224.00
25437,1,5,2394.54
25436,1,5,52.80
25435,1,5,173.46
25434,1,5,511.91
25432,1,5,184.36
25407,1,5,8.45
25405,1,5,53.10
25401,1,5,521.73
25400,1,5,49.56
25399,1,5,144.20
25397,1,5,41.00
25388,1,5,1450.00
25378,1,5,2705.00
25376,1,5,17.45
25375,1,5,8.45
25373,1,5,53.10
25369,1,5,107.40
25368,1,5,1219.50
25367,1,5,2257.50
25366,1,5,1626.00
25365,1,5,3500.00
25364,1,5,2520.00
25358,1,5,465.83
25357,1,5,1030.40
25354,1,5,90.75
25352,1,5,336.60
25351,1,5,90.40
25349,1,5,581.94
25347,1,5,477.00
25346,1,5,295.20
25345,1,5,207.00
25320,1,5,1003.95
25313,1,5,55.20
25310,1,5,206.85
25294,1,5,2900.00
25293,1,5,5600.00
25292,1,5,5040.00
25291,1,5,8240.00
25290,1,5,1626.00
25287,1,5,175.20
25286,1,5,475.86
25285,1,5,86.40
25282,1,5,50.70
25281,1,5,0.98
25280,1,5,190.08
25279,1,5,324.45
25278,1,5,1818.00
25277,1,5,263.00
25276,1,5,930.00
25272,1,5,261.12
25269,1,5,2164.00
25267,1,5,15750.00
25266,1,5,14059.80
25265,1,5,19570.00
25264,1,5,2992.00
25248,1,5,13860.00
25247,1,5,9380.00
25246,1,5,1750.00
25245,1,5,4960.00
25244,1,5,4920.00
25243,1,5,2439.00
25241,1,5,536.40
25238,1,5,25.56
25236,1,5,264.40
25235,1,5,576.00
25234,1,5,395.20
25233,1,5,1194.72
25232,1,5,250.90
25231,1,5,1628.25
25230,1,5,483.34
25229,1,5,453.96
25228,1,5,4781.92
25227,1,5,1507.48
25226,1,5,796.60
25225,1,5,1589.00
25223,1,5,970.00
25222,1,5,1239.00
25221,1,5,3612.21
25217,1,5,141.84
25213,1,5,65.28
25210,1,5,34.08
25209,1,5,341.40
25208,1,5,681.00
25203,1,5,330.00
25202,1,5,275.00
25201,1,5,457.00
25200,1,5,866.00
25198,1,5,317.17
25181,1,5,1858.50
25180,1,5,1164.00
25179,1,5,2923.20
25178,1,5,524.40
25173,1,5,4560.00
25171,1,5,432.60
25170,1,5,170.40
25164,1,5,2501.60
25158,1,5,87.57
25157,1,5,163.67
25156,1,5,358.40
25155,1,5,106.47
25152,1,5,130.56
25131,1,5,51.00
25130,1,5,781.00
25129,1,5,1930.00
25121,1,5,6370.07
25120,1,5,1728.00
25119,1,5,699.00
25116,1,5,96.00
25115,1,5,344.75
25114,1,5,1088.64
25113,1,5,66.00
25112,1,5,367.71
25110,1,5,11.83
25107,1,5,227.60
25106,1,5,454.00
25105,1,5,20.46
25104,1,5,1390.00
25100,1,5,3500.00
25099,1,5,3150.00
25098,1,5,2190.00
25097,1,5,4120.00
25096,1,5,813.00
25095,1,5,813.00
25094,1,5,748.00
25093,1,5,1450.00
25089,1,5,1921.00
25088,1,5,1341.00
25087,1,5,1047.00
25086,2,5,3973.20
25078,1,5,35.04
25077,1,5,67.05
25074,1,5,9.24
25073,1,5,38.40
25072,1,5,182.40
25071,1,5,43.26
25070,1,5,60.80
25066,1,5,24.78
25064,1,5,167.60
25063,2,5,2898.63
25062,1,5,7210.00
25059,1,5,3105.00
25058,1,5,3046.40
25046,1,5,42.09
25045,1,5,201.48
25044,1,5,980.56
25042,1,5,178.20
25041,1,5,82.80
25039,1,5,16.76
25038,1,5,27.68
25035,1,5,142.00
25033,1,5,228.50
25023,1,5,209.40
25022,1,5,67.04
25019,1,5,49.56
25018,1,5,151.41
25014,1,5,38.80
25013,1,5,26.40
25009,1,5,5730.00
25005,1,5,85.20
24992,1,5,85.20
24977,1,5,188.10
24976,1,5,1302.30
24975,1,5,134.00
24974,1,5,939.00
24972,1,5,1309.00
24953,1,5,851.92
24950,1,5,61.38
24948,1,5,13.80
24946,1,5,344.75
24945,1,5,1088.64
24944,1,5,50.28
24940,1,5,9.80
24938,1,5,16.90
24935,1,5,96.00
24934,1,5,66.00
24932,1,5,97.00
24931,1,5,367.20
24930,1,5,193.40
24929,1,5,122.15
24928,1,5,9.60
24927,1,5,33.54
24926,1,5,1336.35
24919,1,5,349.46
24918,1,5,1045.35
24917,1,5,268.50
24916,1,5,565.00
24915,1,5,347.50
24914,1,5,733.32
24911,1,5,1571.00
24910,1,5,1242.00
24909,1,5,275.80
24908,1,5,224.80
24906,1,5,132.20
24905,1,5,288.00
24894,1,5,247.80
24893,1,5,721.00
24874,1,5,45.44
24860,1,5,97.35
24857,1,5,7289.17
24856,1,5,1472.90
24855,1,5,399.64
24853,1,5,16.90
24852,1,5,4.10
24851,1,5,5.98
24847,1,5,82.36
24840,1,5,2164.00
24827,1,5,341.40
24826,1,5,681.00
24825,1,5,339.93
24824,1,5,758.70
24823,1,5,84.50
24816,1,5,247.50
24815,1,5,918.00
24812,1,5,1431.00
24810,1,5,1431.00
24807,1,5,452.00
24806,1,5,1648.20
24805,1,5,8.45
24803,1,5,44.25
24800,1,5,544.00
24798,1,5,360.50
24796,1,5,74.34
24795,1,5,216.30
24794,1,5,312.90
24793,1,5,541.20
24792,1,5,87.60
24791,1,5,1953.91
24790,1,5,432.60
24789,1,5,170.40
24787,1,5,18.30
24786,1,5,39.20
24782,1,5,1240.00
24781,1,5,18000.00
24780,1,5,4520.00
24779,1,5,424.00
24778,1,5,6112.00
24777,1,5,1360.00
24767,1,5,4065.00
24760,1,5,33.80
24759,1,5,34.77
24758,1,5,5.88
24757,1,5,105.60
24756,1,5,175.20
24755,1,5,583.20
24754,1,5,166.44
24751,1,5,6.77
24748,1,5,81.60
24743,1,5,460.00
24742,1,5,57.12
24741,1,5,263.98
24737,1,5,497.76
24735,1,5,345.50
24723,1,5,81300.00
24720,1,5,39.60
24718,1,5,74.34
24717,1,5,223.51
24715,1,5,544.00
24708,1,5,833.00
24706,1,5,32.16
24705,1,5,225.36
24704,1,5,114.95
24703,1,5,795.85
24701,1,5,1893.50
24700,1,5,5.98
24699,1,5,527.04
24698,1,5,243.20
24697,1,5,738.72
24696,1,5,188.85
24695,1,5,427.12
24693,1,5,139.60
24691,1,5,170.40
24690,1,5,154.40
24689,1,5,126.75
24687,1,5,80.40
24685,1,5,67.04
24677,1,5,136.32
24676,1,5,6.12
24661,1,5,142.04
24660,1,5,995.34
24646,1,5,227.60
24645,1,5,454.00
24644,1,5,2911.00
24642,1,5,66.00
24641,1,5,244.80
24639,1,5,66.00
24638,1,5,360.00
24637,1,5,636.00
24635,1,5,8864.64
24632,1,5,190.80
24631,1,5,344.75
24630,1,5,1088.64
24629,1,5,44.25
24612,1,5,7480.00
24608,1,5,1002.00
24606,1,5,699.00
24605,1,5,708.00
24603,1,5,12591.67
24601,1,5,5.62
24598,1,5,288.00
24597,1,5,3360.00
24596,1,5,3.86
24594,1,5,19.40
24593,1,5,26.40
24587,1,5,49.56
24586,1,5,151.41
24555,1,5,3855.00
24549,1,5,1298.40
24546,1,5,188.85
24545,1,5,427.12
24542,1,5,163.20
24541,1,5,126.75
24540,1,5,66.00
24539,1,5,244.80
24538,1,5,39.60
24537,1,5,785.50
24536,1,5,137.90
24533,1,5,318.00
24532,1,5,486.54
24531,1,5,74.34
24530,1,5,223.51
24526,1,5,144.20
24525,1,5,27.60
24524,1,5,606.42
24523,1,5,1680.36
24522,1,5,633.75
24521,1,5,214.50
24520,1,5,184.30
24519,1,5,1864.72
24518,1,5,669.00
24515,1,5,50.28
24513,1,5,17.04
24510,1,5,22.72
24440,1,5,53.96
24439,1,5,390.00
24437,1,5,26.40
24436,1,5,785.50
24435,1,5,621.00
24434,1,5,137.90
24433,1,5,112.40
24432,1,5,286.00
24430,1,5,49.56
24429,1,5,151.41
24420,1,5,20600.00
24419,1,5,14000.00
24416,1,5,22.72
24415,1,5,21.97
24414,1,5,14.64
24413,1,5,82.32
24412,1,5,1444.08
24411,1,5,360.50
24410,1,5,360.00
24409,1,5,113.88
24408,1,5,4462.99
24406,1,5,70.08
24405,1,5,2271.15
24404,1,5,439.81
24403,1,5,318.08
24400,1,5,716.10
24396,1,5,144.20
24395,1,5,327.34
24394,1,5,730.60
24393,1,5,9.60
24392,1,5,363.30
24391,1,5,6.76
24390,1,5,4.90
24387,1,5,322.20
24386,1,5,678.00
24385,1,5,33.52
24384,1,5,1086.75
24382,1,5,5.98
24380,1,5,390.00
24379,1,5,143.00
24377,1,5,1571.40
24376,1,5,6.00
24375,1,5,1149.72
24374,1,5,446.00
24372,1,5,208.50
24371,1,5,1858.50
24370,1,5,5414.71
24367,1,5,7250.00
24350,1,5,864.00
24349,1,5,675.69
24348,1,5,84.30
24347,1,5,284.00
24346,1,5,204.00
24332,1,5,159500.00
24331,1,5,762.96
24317,1,5,2164.00
24316,1,5,930.00
24315,1,5,1002.00
24314,1,5,606.00
24311,1,5,853.50
24310,1,5,1148.62
24308,1,5,69.80
24305,1,5,34.08
24304,1,5,701.76
24303,1,5,494.47
24285,1,5,5.98
24284,1,5,7430.57
24283,1,5,2016.00
24282,1,5,27.60
24281,1,5,409.92
24280,1,5,3326.40
24278,1,5,981.12
24277,1,5,779.52
24276,1,5,389.76
24275,1,5,4684.08
24274,1,5,4684.08
24273,1,5,2338.56
24272,1,5,381.82
24271,1,5,1078.44
24270,1,5,360.50
24269,1,5,158.40
24268,1,5,367.20
24261,1,5,114.24
24260,1,5,61.95
24259,1,5,180.25
24255,1,5,1623.00
24254,1,5,1511.25
24253,1,5,24.31
24252,1,5,694.52
24251,1,5,4438.72
24250,1,5,75.82
24249,1,5,344.75
24248,1,5,1088.64
24222,1,5,48.96
24221,1,5,16.90
24219,1,5,105.60
24218,1,5,361.08
24216,1,5,26.40
24211,1,5,81.84
24210,1,5,106.00
24209,1,5,625.40
24208,1,5,477.00
24204,1,5,167.60
24203,1,5,49.56
24202,1,5,151.41
24191,1,5,182.08
24190,1,5,363.20
24189,1,5,667.27
24188,1,5,1483.68
24184,1,5,68.16
24183,1,5,12.24
24182,1,5,118.30
24181,1,5,444.47
24178,1,5,98.50
24175,1,5,194.37
24173,1,5,344.75
24172,1,5,1088.64
24153,1,5,146.30
24152,1,5,134.00
24151,1,5,1012.90
24150,1,5,939.00
24149,1,5,595.00
24144,1,5,3855.00
24143,1,5,1950.00
24142,1,5,5720.00
24141,1,5,595.00
24135,1,5,378.00
24134,1,5,266.00
24133,1,5,579.00
24132,1,5,690.00
24129,1,5,360.50
24127,1,5,1235.00
24126,1,5,2793.00
24125,1,5,3622.23
24124,1,5,2280.00
24104,1,5,90.88
24103,1,5,152.10
24102,1,5,96.00
24101,1,5,72.10
24100,1,5,778.05
24097,1,5,51.15
24091,1,5,3500.00
24090,1,5,3150.00
24075,1,5,98.28
24074,1,5,258.02
24072,1,5,7430.57
24071,1,5,2016.00
24070,1,5,366.76
24068,1,5,67.04
24067,1,5,1097.10
24042,1,5,866.00
24023,1,5,1082.00
24021,1,5,125.90
24020,1,5,286.62
24018,1,5,17.04
24017,1,5,101.40
24016,1,5,41.25
24015,1,5,153.00
24013,1,5,39.60
24012,1,5,540.60
24010,1,5,45.87
24008,1,5,88.50
24007,1,5,74.34
24006,1,5,223.51
24004,1,5,387.60
24003,1,5,182.08
24002,1,5,363.20
24001,1,5,39.20
24000,1,5,19.40
23997,1,5,344.75
23996,1,5,1088.64
23993,1,5,5.98
23992,1,5,16.90
23991,1,5,147.98
23990,1,5,198.00
23989,1,5,87.60
23988,1,5,72.10
23987,1,5,684.00
23986,1,5,324.45
23985,1,5,772.48
23955,1,5,430.80
23944,1,5,856.80
23938,1,5,1447.00
23937,1,5,1395.00
23936,1,5,526.00
23931,1,5,51.12
23930,1,5,7.72
23923,1,5,167.60
23922,1,5,870.00
23884,1,5,104.50
23883,1,5,134.00
23881,1,5,144.70
23880,1,5,563.40
23877,1,5,460.00
23875,1,5,36.60
23874,1,5,174.60
23873,1,5,6.00
23872,1,5,72.10
23869,1,5,252.35
23868,1,5,1368.00
23862,1,5,1436.00
23861,1,5,1443.18
23856,1,5,340.80
23855,1,5,326.40
23854,1,5,572.00
23853,1,5,155.20
23850,1,5,8563.68
23847,1,5,34.08
23846,1,5,652.80
23845,1,5,153.45
23843,1,5,566.10
23842,1,5,50.20
23841,1,5,1200.00
23840,1,5,287.62
23838,1,5,164.00
23837,1,5,1774.44
23821,1,5,255.60
23818,1,5,153.45
23795,1,5,1298.40
23792,1,5,85.20
23780,1,5,304.00
23779,1,5,921.12
23777,1,5,122.15
23775,1,5,171.36
23774,1,5,193.00
23771,1,5,132.99
23769,1,5,80.40
23768,1,5,33.52
23758,1,5,3820.00
23757,1,5,24800.00
23756,1,5,22500.00
23755,1,5,62.70
23753,1,5,1012.90
23752,1,5,595.00
23750,1,5,714.07
23748,1,5,69.80
23747,1,5,192.00
23745,1,5,417.00
23744,1,5,878.82
23741,1,5,108.15
23739,1,5,32.64
23738,1,5,20.70
23737,1,5,66.00
23736,1,5,367.20
23733,1,5,3612.00
23725,1,5,230.42
23721,1,5,370.22
23720,1,5,1107.45
23719,1,5,182.08
23718,1,5,363.20
23717,1,5,80.40
23716,1,5,939.00
23715,1,5,188.85
23714,1,5,427.12
23713,1,5,126.75
23712,1,5,57.60
23692,1,5,108.15
23683,1,5,15.44
23681,1,5,16.90
23679,1,5,26.40
23674,1,5,88.50
23673,1,5,49.56
23672,1,5,151.41
23666,1,5,5.98
23661,1,5,785.50
23660,1,5,621.00
23659,1,5,174.60
23658,1,5,112.40
23653,1,5,45.87
23648,1,5,34.08
23647,1,5,90.09
23646,1,5,2583.75
23645,1,5,537.38
23644,1,5,288.00
23643,1,5,7584.72
23642,1,5,280.98
23630,1,5,2439.00
23627,1,5,5.98
23622,1,5,785.50
23621,1,5,621.00
23620,1,5,137.90
23619,1,5,112.40
23614,1,5,45.87
23598,1,5,6.77
23593,1,5,50.20
23591,1,5,26.40
23588,1,5,172.20
23586,1,5,930.00
23585,1,5,1002.00
23584,1,5,243.20
23583,1,5,738.72
23582,1,5,154.40
23581,1,5,6.77
23579,1,5,268.50
23578,1,5,569.52
23577,1,5,208.50
23576,1,5,436.50
23575,1,5,544.00
23543,1,5,221.52
23542,1,5,28.80
23540,1,5,80.40
23539,1,5,344.75
23538,1,5,1088.64
23536,1,5,201.44
23535,1,5,460.84
23531,1,5,170.40
23530,1,5,33.80
23529,1,5,41.25
23528,1,5,153.00
23526,1,5,540.60
23524,1,5,97.35
23522,1,5,41.00
23519,1,5,699.00
23518,1,5,6723.57
23516,1,5,1824.00
23515,1,5,1298.40
23512,1,5,57.12
23508,1,5,201.44
23507,1,5,460.84
23503,1,5,170.40
23502,1,5,16.90
23501,1,5,41.25
23500,1,5,153.00
23498,1,5,540.60
23496,1,5,97.35
23494,1,5,41.00
23488,1,5,221.52
23487,1,5,28.80
23485,1,5,80.40
23484,1,5,344.75
23483,1,5,1088.64
23475,1,5,7224.00
23474,1,5,6300.00
23473,1,5,5691.00
23468,1,5,163.67
23467,1,5,370.92
23466,1,5,109.85
23464,1,5,518.40
23463,1,5,334.50
23462,1,5,4.16
23461,1,5,15.60
23460,1,5,170.40
23459,1,5,102.00
23455,1,5,45.87
23453,1,5,50.28
23444,1,5,555.00
23443,1,5,387.00
23440,1,5,13.79
23438,1,5,16.08
23435,1,5,636.48
23431,1,5,167.60
23427,1,5,1746.00
23426,1,5,6.00
23425,1,5,46.02
23422,1,5,208.50
23420,1,5,2230.20
23419,1,5,6496.21
23416,1,5,5.98
23415,1,5,113.80
23414,1,5,227.00
23413,1,5,5.62
23411,1,5,104.70
23408,1,5,24.48
23407,1,5,11.58
23406,1,5,33.80
23405,1,5,201.30
23404,1,5,240.10
23403,1,5,3267.00
23402,1,5,175.20
23401,1,5,4326.00
23400,1,5,648.00
23398,1,5,360.50
23397,1,5,3244.50
23396,1,5,963.60
23395,1,5,7469.56
23394,1,5,1802.50
23393,1,5,1192.80
23390,1,5,33.52
23386,1,5,577.50
23384,1,5,2142.00
23383,1,5,351.40
23382,1,5,1148.00
23381,1,5,2650.00
23380,1,5,4302.54
23378,1,5,247.06
23377,1,5,652.08
23366,1,5,32.64
23363,1,5,66.00
23351,1,5,944.52
23350,1,5,39.60
23349,1,5,74.34
23348,1,5,223.51
23347,1,5,1082.00
23341,1,5,167.20
23340,1,5,1302.30
23339,1,5,751.20
23338,1,5,263.00
23336,1,5,386.00
23334,1,5,165.00
23332,1,5,3444.00
23331,1,5,1862.00
23330,1,5,5068.23
23328,1,5,570.00
23326,1,5,368.28
23323,1,5,107.20
23315,1,5,1082.00
23313,1,5,383.50
23307,1,5,326.40
23306,1,5,266.00
23305,1,5,1235.00
23303,1,5,112.53
23301,1,5,251.80
23300,1,5,562.00
23299,1,5,223.50
23275,1,5,5615.01
23274,1,5,1056.00
23273,1,5,774.67
23272,1,5,8400.00
23264,1,5,160.80
23263,1,5,939.00
23259,1,5,69.80
23257,1,5,3.86
23251,1,5,344.75
23250,1,5,1088.64
23239,1,5,785.50
23238,1,5,621.00
23237,1,5,137.90
23236,1,5,112.40
23234,1,5,227.60
23233,1,5,454.00
23230,1,5,22.00
23226,1,5,838.00
23224,1,5,41.00
23218,1,5,1010.00
23217,1,5,7784.07
23214,1,5,390.00
23213,1,5,1573.00
23212,1,5,465.60
23211,1,5,938.00
23199,1,5,6570.00
23198,1,5,1806.00
23197,1,5,3740.00
23196,1,5,465.00
23195,1,5,501.00
23194,1,5,606.00
23190,1,5,51.12
23187,1,5,92.35
23186,1,5,240.00
23185,1,5,16.08
23170,1,5,1950.00
23169,1,5,107.25
23168,1,5,417.10
23167,1,5,4464.46
23166,1,5,334.50
23165,1,5,1327.50
23163,1,5,5663.07
23162,1,5,125.90
23161,1,5,286.62
23159,1,5,96.00
23158,1,5,1536.00
23157,1,5,96.50
23156,1,5,84.50
23155,1,5,204.96
23154,1,5,96.00
23153,1,5,3587.76
23150,1,5,981.12
23149,1,5,779.52
23148,1,5,1559.04
23147,1,5,5853.36
23146,1,5,3118.08
23145,1,5,74.34
23144,1,5,223.51
23142,1,5,68.16
23132,1,5,277.50
23130,1,5,38.40
23118,1,5,8.25
23117,1,5,30.60
23113,1,5,106.00
23110,1,5,167.60
23098,1,5,9.80
23096,1,5,41.40
23085,1,5,335.62
23084,1,5,1003.95
23068,1,5,1013.21
23067,1,5,312.00
23064,1,5,1623.00
23062,1,5,304.00
23061,1,5,921.12
23060,1,5,21.88
23059,1,5,45.60
23057,1,5,204.48
23056,1,5,193.00
23049,1,5,227.60
23048,1,5,454.00
23046,1,5,24.48
23044,1,5,54.18
23042,1,5,180.25
23040,1,5,34.90
23039,1,5,312.90
23037,1,5,522.24
23034,1,5,295.50
23031,1,5,139.00
23030,1,5,296.82
23029,1,5,359.36
23028,1,5,1003.20
23027,1,5,1623.00
23026,1,5,297.50
23025,1,5,465.00
23024,1,5,501.00
23023,1,5,606.00
23021,1,5,182.40
23020,1,5,556.32
23019,1,5,25.18
23018,1,5,56.20
23016,1,5,17.04
23015,1,5,115.80
23013,1,5,727.90
23012,1,5,96.00
23009,1,5,102.30
23008,1,5,2058.20
23005,1,5,328.00
22982,1,5,104.70
22981,1,5,132.00
22980,1,5,360.50
22979,1,5,367.20
22978,1,5,33.52
22973,1,5,85.20
22972,1,5,8.45
22971,1,5,989.40
22965,1,5,53.10
22964,1,5,99.12
22963,1,5,288.40
22949,1,5,17.04
22948,1,5,152.10
22944,1,5,778.05
22942,1,5,20.46
22936,1,5,476.00
22935,1,5,408.09
22933,1,5,122.40
22932,1,5,66.00
22931,1,5,367.71
22930,1,5,167.20
22929,1,5,160.80
22928,1,5,1157.60
22927,1,5,1126.80
22921,1,5,473.28
22919,1,5,756.00
22918,1,5,266.00
22916,1,5,386.00
22914,1,5,97.00
22913,1,5,66.00
22912,1,5,391.17
22911,1,5,1742.00
22908,1,5,1235.00
22907,1,5,1148.00
22906,1,5,1862.00
22905,1,5,3622.23
22902,1,5,5.98
22896,1,5,48.96
22895,1,5,289.50
22894,1,5,1296.00
22878,1,5,290.10
22875,1,5,114.24
22871,1,5,67.04
22865,1,5,4050.00
22864,1,5,3625.00
22863,1,5,5488.00
22862,1,5,6300.00
22849,1,5,501.00
22848,1,5,606.00
22847,1,5,352.52
22846,1,5,781.18
22844,1,5,233.22
22843,1,5,47.13
22842,1,5,1065.00
22838,1,5,764.00
22837,1,5,8760.00
22836,1,5,4120.00
22835,1,5,1496.00
22830,1,5,1082.00
22826,1,5,182.40
22825,1,5,556.32
22824,1,5,3.46
22823,1,5,125.45
22822,1,5,1316.25
22821,1,5,35.75
22819,1,5,562.60
22818,1,5,3866.72
22817,1,5,111.50
22815,1,5,371.70
22814,1,5,1081.50
22813,1,5,10.35
22807,1,5,2690.71
22806,1,5,832.00
22780,1,5,2709.00
22778,1,5,15.12
22777,1,5,28.80
22776,1,5,14.61
22775,1,5,28.55
22771,1,5,321.78
22769,1,5,25.10
22768,1,5,132.00
22767,1,5,785.50
22766,1,5,137.90
22765,1,5,82.00
22764,1,5,962.55
22736,1,5,210.20
22735,1,5,39.60
22733,1,5,74.34
22732,1,5,223.51
22726,1,5,3855.00
22714,1,5,579.36
22713,1,5,194.00
22712,1,5,50.28
22709,1,5,94.30
22704,1,5,158.64
22702,1,5,132.00
22700,1,5,489.60
22699,1,5,50.20
22696,1,5,582.00
22694,1,5,82.00
22692,1,5,212.00
22690,1,5,1345.14
22689,1,5,82.00
22687,1,5,72.10
22686,1,5,1082.00
22682,1,5,8.16
22681,1,5,269.89
22679,1,5,74.34
22678,1,5,223.51
22677,1,5,33.80
22676,1,5,19.40
22675,1,5,39.60
22674,1,5,222.60
22657,1,5,5600.00
22656,1,5,5040.00
22655,1,5,3252.00
22654,1,5,3252.00
22653,1,5,2175.00
22649,1,5,455.20
22648,1,5,908.00
22646,1,5,81.60
22645,1,5,1260.00
22644,1,5,2709.00
22641,1,5,3.60
22639,1,5,125.10
22632,1,5,15.44
22629,1,5,102.30
22626,1,5,502.00
22625,1,5,54.90
22624,1,5,112.70
22623,1,5,957.00
22622,1,5,360.00
22621,1,5,2163.00
22620,1,5,262.80
22619,1,5,1629.46
22618,1,5,721.00
22617,1,5,653.20
22616,1,5,1483.38
22605,1,5,465.00
22604,1,5,501.00
22603,1,5,606.00
22602,1,5,158.67
22600,1,5,104.70
22598,1,5,97.00
22593,1,5,1122.92
22592,1,5,123.90
22591,1,5,360.50
22586,1,5,287.18
22580,1,5,45.87
22579,1,5,859.05
22563,1,5,14000.00
22562,1,5,12600.00
22555,1,5,32.82
22554,1,5,68.40
22549,1,5,17.73
22546,1,5,132.20
22545,1,5,58.80
22544,1,5,19.40
22543,1,5,264.00
22541,1,5,1305.01
22540,1,5,144.20
22539,1,5,227.20
22536,1,5,268.50
22535,1,5,569.52
22534,1,5,208.50
22533,1,5,436.50
22496,1,5,2055.80
22495,1,5,182.40
22494,1,5,556.32
22492,1,5,115.80
22489,1,5,344.75
22488,1,5,1088.64
22474,1,5,1877.85
22473,1,5,286.00
22472,1,5,1.69
22471,1,5,838.08
22470,1,5,56.80
22469,1,5,5514.08
22468,1,5,892.00
22466,1,5,963.04
22465,1,5,344.75
22464,1,5,1088.64
22462,1,5,866.00
22458,1,5,183.00
22457,1,5,1126.00
22434,1,5,872.64
22433,1,5,284.00
22431,1,5,485.00
22428,1,5,619.50
22427,1,5,1809.71
22422,1,5,7.92
22421,1,5,335.42
22420,1,5,226.20
22402,1,5,5.98
22400,1,5,775.20
22397,1,5,50.28
22396,1,5,24.78
22395,1,5,79.31
22383,1,5,1411.98
22381,1,5,637.28
22380,1,5,1271.20
22379,1,5,54.30
22378,1,5,180.11
22373,1,5,577.20
22368,1,5,105.76
22365,1,5,292.50
22364,1,5,1859.00
22363,1,5,504.40
22362,1,5,33.52
22361,1,5,72.10
22360,1,5,595.00
22356,1,5,1515.00
22355,1,5,9198.07
22353,1,5,188.85
22352,1,5,427.12
22351,1,5,126.75
22350,1,5,66.00
22349,1,5,92.35
22348,1,5,240.00
22346,1,5,40.92
22345,1,5,378.00
22344,1,5,798.00
22342,1,5,193.00
22339,1,5,8.45
22338,1,5,97.00
22337,1,5,1742.00
22335,1,5,3705.00
22334,1,5,1148.00
22333,1,5,931.00
22332,1,5,2169.00
22331,1,5,1715.70
22328,1,5,53.10
22327,1,5,345.50
22326,1,5,17.73
22324,1,5,6016.57
22323,1,5,1632.00
22322,1,5,368.60
22321,1,5,38.40
22318,1,5,2439.00
22280,1,5,2175.00
22277,1,5,386.00
22276,1,5,54.30
22272,1,5,36.60
22271,1,5,23.28
22270,1,5,52.80
22269,1,5,1728.00
22268,1,5,175.20
22267,1,5,295.61
22266,1,5,324.60
22265,1,5,180.11
22264,1,5,289.80
22263,1,5,226.20
22260,1,5,344.75
22259,1,5,1088.64
22257,1,5,209.00
22256,1,5,268.00
22255,1,5,193.40
22254,1,5,1447.00
22253,1,5,563.40
22252,1,5,595.00
22248,1,5,102.30
22247,1,5,16.76
22243,1,5,7250.00
22242,1,5,2800.00
22241,1,5,6300.00
22240,1,5,4120.00
22239,1,5,2439.00
22238,1,5,1806.00
22237,1,5,1496.00
22236,1,5,465.00
22235,1,5,501.00
22234,1,5,606.00
22233,1,5,5.98
22229,1,5,117.32
22223,1,5,193.00
22187,1,5,167.60
22185,1,5,41.00
22184,1,5,152.00
22183,1,5,465.12
22182,1,5,6853.68
22181,1,5,960.00
22177,1,5,7640.00
22170,1,5,108.60
22167,1,5,31.04
22166,1,5,26.40
22164,1,5,354.41
22158,1,5,41.70
22154,1,5,67.04
22153,1,5,224.60
22152,1,5,627.00
22150,1,5,561.60
22149,1,5,107.25
22148,1,5,141.62
22147,1,5,1653.08
22146,1,5,334.50
22144,1,5,20.46
22142,1,5,117.32
22141,1,5,37.17
22140,1,5,108.15
22139,1,5,126000.00
22118,1,5,75.03
22117,1,5,93.10
22116,1,5,653.40
22115,1,5,360.00
22114,1,5,383.50
22113,1,5,306.60
22111,1,5,2271.15
22110,1,5,576.80
22109,1,5,454.40
22105,1,5,465.00
22075,1,5,11.64
22074,1,5,233.74
22073,1,5,322.20
22072,1,5,682.52
22070,1,5,202.95
22069,1,5,2055.80
22068,1,5,939.00
22049,1,5,7032.96
22047,1,5,2308.92
22046,1,5,384.12
22042,1,5,1626.00
22041,1,5,4380.00
22040,1,5,3948.00
22033,1,5,136.56
22032,1,5,272.40
22031,1,5,13.79
22026,1,5,325.24
22025,1,5,972.90
22016,1,5,6300.00
22008,1,5,327.34
22007,1,5,640.68
22005,1,5,275.47
22001,1,5,436.05
21995,1,5,2060.00
21994,1,5,1626.00
21993,1,5,903.00
21992,1,5,1806.00
21991,1,5,2284.53
21990,1,5,2175.00
21989,1,5,1382.00
21988,1,5,250.50
21987,1,5,263.00
21986,1,5,606.00
21984,1,5,17.45
21975,1,5,144.20
21974,1,5,121.60
21973,1,5,373.92
21971,1,5,174.50
21969,1,5,9.60
21968,1,5,77.20
21966,1,5,145.20
21965,1,5,621.00
21964,1,5,112.40
21963,1,5,33.52
21962,1,5,381.82
21961,1,5,272.58
21960,1,5,800.31
21959,1,5,1078.44
21946,1,5,398.30
21945,1,5,803.58
21944,1,5,41.25
21943,1,5,153.00
21940,1,5,486.54
21934,1,5,1920.00
21933,1,5,67.00
21931,1,5,5.98
21927,1,5,38.87
21926,1,5,18.30
21925,1,5,53.90
21924,1,5,1603.80
21923,1,5,360.00
21922,1,5,201.48
21921,1,5,3179.61
21920,1,5,864.00
21918,1,5,360.50
21916,1,5,3244.50
21915,1,5,43.80
21913,1,5,648.90
21912,1,5,108.15
21911,1,5,170.40
21900,1,5,170.28
21897,1,5,13.56
21885,1,5,1365.00
21884,1,5,357.50
21883,1,5,368.60
21882,1,5,4004.00
21881,1,5,1119.46
21880,1,5,289.50
21878,1,5,1296.00
21843,1,5,1360.00
21842,1,5,307.44
21841,1,5,2808.96
21839,1,5,981.12
21838,1,5,779.52
21837,1,5,779.52
21836,1,5,3507.84
21835,1,5,6243.12
21834,1,5,3118.08
21833,1,5,970.00
21832,1,5,1239.00
21831,1,5,3612.21
21821,1,5,335.62
21820,1,5,54.30
21818,1,5,140.70
21817,1,5,9.80
21816,1,5,23.28
21815,1,5,387.30
21814,1,5,174.30
21813,1,5,233.74
21808,1,5,1003.95
21793,1,5,195.00
21786,1,5,785.50
21785,1,5,621.00
21784,1,5,137.90
21783,1,5,112.40
21780,1,5,49.56
21779,1,5,144.20
21778,1,5,134.00
21777,1,5,6281.28
21776,1,5,45.52
21775,1,5,90.80
21772,1,5,2059.00
21755,1,5,3654.00
21754,1,5,4120.00
21753,1,5,840.00
21736,1,5,1036.50
21735,1,5,1157.60
21734,1,5,1502.40
21733,1,5,555.00
21731,1,5,289.50
21729,1,5,67.04
21708,1,5,104.70
21707,1,5,9.80
21706,1,5,198.00
21705,1,5,727.20
21704,1,5,383.50
21701,1,5,149.72
21699,1,5,33.52
21694,1,5,866.00
21692,1,5,24.78
21691,1,5,39.60
21690,1,5,74.34
21689,1,5,216.30
21688,1,5,8.45
21686,1,5,8.34
21685,1,5,41.70
21683,1,5,44.25
21682,1,5,455.20
21679,1,5,908.00
21678,1,5,43.76
21677,1,5,91.20
21676,1,5,344.75
21675,1,5,1097.28
21674,1,5,544.00
21672,1,5,1031.40
21671,1,5,3037.50
21670,1,5,7000.00
21669,1,5,6300.00
21668,1,5,1626.00
21667,1,5,1806.00
21666,1,5,1626.00
21665,1,5,1496.00
21664,1,5,3625.00
21663,1,5,544.00
21641,1,5,121.60
21640,1,5,373.92
21639,1,5,77.20
21631,1,5,37.53
21620,1,5,118.30
21613,1,5,256.50
21610,1,5,920.70
21603,1,5,527.04
21600,1,5,139.60
21599,1,5,170.40
21589,1,5,378.00
21588,1,5,532.00
21587,1,5,772.00
21585,1,5,495.00
21584,1,5,16.90
21582,1,5,36.60
21581,1,5,202.86
21580,1,5,867.24
21579,1,5,87.60
21578,1,5,1225.70
21577,1,5,252.00
21576,1,5,175.20
21575,1,5,1953.91
21574,1,5,1312.22
21573,1,5,1113.28
21570,1,5,2470.00
21569,1,5,3724.00
21568,1,5,2899.23
21564,1,5,66.00
21563,1,5,36.00
21562,1,5,383.50
21561,1,5,68.95
21560,1,5,60.48
21559,1,5,32.22
21558,1,5,67.80
21557,1,5,27.80
21556,1,5,58.20
21545,1,5,268.50
21544,1,5,565.00
21543,1,5,347.50
21542,1,5,733.32
21535,1,5,4650.00
21534,1,5,6400.00
21532,1,5,227.60
21531,1,5,454.00
21530,1,5,286.00
21529,1,5,77.60
21528,1,5,1414.00
21524,1,5,3855.00
21500,1,5,1125.00
21499,1,5,2800.00
21498,1,5,2520.00
21497,1,5,1806.00
21496,1,5,1626.00
21495,1,5,1626.00
21494,1,5,748.00
21493,1,5,1450.00
21492,1,5,675.69
21491,1,5,204.00
21490,1,5,224.90
21489,1,5,2730.00
21488,1,5,250.25
21487,1,5,611.10
21486,1,5,8013.72
21485,1,5,780.50
21484,1,5,672.75
21478,1,5,88.50
21476,1,5,212.10
21475,1,5,8.64
21453,1,5,1298.40
21452,1,5,751.50
21449,1,5,40.92
21447,1,5,9905.07
21446,1,5,967.58
21445,1,5,125.90
21444,1,5,251.43
21442,1,5,208.00
21441,1,5,2002.00
21440,1,5,84.50
21439,1,5,543.20
21435,1,5,100.56
21434,1,5,19.40
21433,1,5,132.00
21432,1,5,360.50
21431,1,5,367.20
21424,1,5,5.98
21423,1,5,82.50
21422,1,5,306.00
21420,1,5,1070.60
21393,1,5,232.20
21391,1,5,16.90
21389,1,5,109.80
21388,1,5,25.48
21387,1,5,1247.40
21386,1,5,87.60
21385,1,5,2523.50
21384,1,5,720.00
21382,1,5,438.00
21380,1,5,3576.16
21378,1,5,289.59
21375,1,5,79.23
21365,1,5,54.30
21363,1,5,140.70
21361,1,5,89.67
21360,1,5,122.50
21359,1,5,11.64
21358,1,5,1498.20
21357,1,5,216.30
21356,1,5,72.00
21354,1,5,360.50
21353,1,5,3251.71
21352,1,5,350.40
21350,1,5,3244.50
21349,1,5,1045.45
21348,1,5,568.00
21346,1,5,387.30
21345,1,5,335.42
21344,1,5,174.30
21343,1,5,4380.00
21342,1,5,1806.00
21341,1,5,1806.00
21340,1,5,1496.00
21339,1,5,1450.00
21337,1,5,990.82
21335,1,5,460.00
21331,1,5,67.60
21327,1,5,344.75
21326,1,5,1088.64
21325,1,5,139.00
21324,1,5,296.82
21273,1,5,167.20
21272,1,5,134.00
21270,1,5,1157.60
21269,1,5,939.00
21268,1,5,892.50
21264,1,5,184.80
21263,1,5,367.20
21260,1,5,524.60
21259,1,5,223.02
21258,1,5,656.11
21257,1,5,2876.25
21256,1,5,107.25
21254,1,5,601.40
21253,1,5,8442.72
21252,1,5,334.50
21246,1,5,9.80
21222,1,5,1082.00
21219,1,5,5.98
21218,1,5,60.80
21217,1,5,191.52
21215,1,5,43.76
21214,1,5,91.20
21213,1,5,38.60
21212,1,5,54.30
21211,1,5,174.30
21208,1,5,344.75
21207,1,5,1080.00
21183,1,5,844.50
21182,1,5,157.80
21180,1,5,227.60
21179,1,5,454.00
21161,1,5,785.50
21155,1,5,67.04
21154,1,5,96.00
21153,1,5,785.50
21143,1,5,238.00
21141,1,5,785.50
21140,1,5,137.90
21138,1,5,24.12
21137,1,5,581.10
21135,1,5,66.00
21134,1,5,367.71
21133,1,5,2749.68
21132,1,5,57800.00
21131,1,5,7000.00
21130,1,5,6300.00
21127,1,5,3855.00
21122,1,5,16.90
21121,1,5,9.80
21116,1,5,161.54
21113,1,5,97.35
21110,1,5,460.00
21109,1,5,223.50
21094,1,5,67.60
21093,1,5,9.80
21089,1,5,20.46
21054,1,5,144.20
21038,1,5,52.80
21036,1,5,306.90
21034,1,5,41.70
21033,1,5,99.12
21030,1,5,295.61
21028,1,5,1829.10
21027,1,5,67.60
21026,1,5,364.72
21021,1,5,5371.08
21015,1,5,885.00
21014,1,5,7077.07
21012,1,5,11.38
21011,1,5,18.16
21008,1,5,1920.00
21007,1,5,297.56
21006,1,5,384.00
21005,1,5,74.34
21004,1,5,890.10
20994,1,5,45000.00
20968,1,5,780.00
20967,1,5,24.31
20966,1,5,1792.56
20965,1,5,2293.72
20964,1,5,75.82
20959,1,5,643.20
20957,1,5,2081.52
20956,1,5,6063.61
20955,1,5,304.00
20954,1,5,930.24
20953,1,5,341.40
20952,1,5,681.00
20950,1,5,244.30
20948,1,5,193.00
20946,1,5,40.20
20943,1,5,167.60
20927,1,5,133.76
20926,1,5,268.00
20925,1,5,926.08
20924,1,5,1878.00
20923,1,5,606.00
20922,1,5,527.04
20920,1,5,170.40
20918,1,5,670.68
20917,1,5,123.64
20916,1,5,224.60
20915,1,5,627.00
20893,1,5,691.00
20892,1,5,930.00
20891,1,5,2019.71
20889,1,5,43.76
20888,1,5,91.20
20886,1,5,69.80
20885,1,5,1327.59
20884,1,5,624.00
20883,1,5,121.10
20882,1,5,194.00
20879,1,5,301.68
20876,1,5,362.25
20874,1,5,123.00
20857,1,5,7000.00
20856,1,5,6300.00
20855,1,5,1626.00
20854,1,5,764.00
20839,1,5,2260.00
20838,1,5,2175.00
20837,1,5,1528.00
20835,1,5,214.80
20834,1,5,456.52
20833,1,5,208.50
20832,1,5,436.50
20809,1,5,71.50
20808,1,5,136.80
20807,1,5,61.95
20806,1,5,180.25
20805,1,5,45.60
20804,1,5,2559.55
20803,1,5,43.76
20802,1,5,91.20
20801,1,5,1568.00
20800,1,5,688.70
20799,1,5,132.00
20798,1,5,206.85
20796,1,5,4005.00
20794,1,5,224.60
20793,1,5,247.80
20792,1,5,728.21
20791,1,5,456.00
20790,1,5,627.00
20789,1,5,152.00
20787,1,5,3787.00
20780,1,5,9.80
20779,1,5,383.50
20770,1,5,4960.00
20763,1,5,606.00
20762,1,5,5.98
20760,1,5,140.70
20759,1,5,69.84
20758,1,5,400.21
20755,1,5,45.87
20740,1,5,292.50
20739,1,5,1407.00
20725,1,5,3612.00
20724,1,5,3252.00
20718,1,5,4500.00
20717,1,5,1528.00
20716,1,5,680.00
20715,1,5,420.80
20710,1,5,148.78
20708,1,5,128.58
20707,1,5,311.25
20705,1,5,643.20
20702,1,5,134.08
20701,1,5,91.20
20699,1,5,445.05
20697,1,5,43.76
20696,1,5,91.20
20695,1,5,42.25
20694,1,5,118.95
20693,1,5,65.66
20692,1,5,699.60
20691,1,5,87.60
20689,1,5,1449.21
20686,1,5,131.40
20685,1,5,1946.70
20684,1,5,432.60
20683,1,5,340.80
20681,1,5,97.35
20680,1,5,263.00
20677,1,5,17.16
20676,1,5,785.50
20675,1,5,621.00
20672,1,5,137.90
20671,1,5,112.40
20670,1,5,191.09
20617,1,5,766.00
20603,1,5,193.40
20601,1,5,7077.07
20600,1,5,152.00
20599,1,5,465.12
20598,1,5,192.00
20597,1,5,1920.00
20596,1,5,96.50
20594,1,5,33.80
20593,1,5,11.64
20592,1,5,233.74
20590,1,5,185.85
20588,1,5,39.20
20587,1,5,54.30
20586,1,5,31.04
20585,1,5,132.00
20584,1,5,785.50
20583,1,5,1242.00
20582,1,5,137.90
20581,1,5,224.80
20580,1,5,367.71
20578,1,5,174.30
20538,1,5,3855.00
20517,1,5,476.00
20516,1,5,930.00
20514,1,5,38.35
20513,1,5,163.67
20512,1,5,359.68
20510,1,5,174.50
20509,1,5,106.47
20508,1,5,38.35
20493,1,5,2434.50
20490,1,5,5.98
20489,1,5,227.60
20488,1,5,454.00
20486,1,5,214.50
20484,1,5,11.64
20482,1,5,1060.50
20481,1,5,299.46
20467,1,5,7000.00
20466,1,5,6300.00
20465,1,5,8760.00
20464,1,5,8240.00
20463,1,5,3612.00
20462,1,5,3252.00
20461,1,5,2992.00
20460,1,5,2900.00
20450,1,5,209.40
20445,1,5,67.04
20434,1,5,144.20
20431,1,5,229.90
20430,1,5,80.40
20428,1,5,1591.70
20427,1,5,563.40
20426,1,5,595.00
20425,1,5,43.76
20424,1,5,91.20
20423,1,5,211.52
20421,1,5,54.35
20419,1,5,864.00
20418,1,5,675.69
20417,1,5,22.35
20416,1,5,66.10
20415,1,5,284.00
20414,1,5,204.00
20413,1,5,269.88
20412,1,5,139.00
20411,1,5,296.82
20410,1,5,807.30
20404,1,5,544.00
20396,1,5,188.85
20395,1,5,427.12
20394,1,5,1780.35
20393,1,5,1055.34
20392,1,5,126.75
20391,1,5,620.80
20390,1,5,240.00
20389,1,5,353.50
20388,1,5,5228.08
20387,1,5,838.48
20386,1,5,371.25
20385,1,5,1142.82
20383,1,5,460.00
20382,1,5,555.00
20381,1,5,328.00
20380,1,5,3542.07
20378,1,5,5.98
20376,1,5,786.50
20375,1,5,194.00
20373,1,5,241.20
20357,1,5,38.87
20356,1,5,142.74
20355,1,5,104.86
20354,1,5,1203.84
20353,1,5,175.20
20351,1,5,1845.76
20350,1,5,360.00
20348,1,5,360.50
20347,1,5,595.68
20345,1,5,3251.71
20344,1,5,764.26
20343,1,5,454.40
20341,1,5,208.50
20340,1,5,424.86
20325,1,5,289.50
20324,1,5,66.00
20323,1,5,1296.00
20322,1,5,391.17
20300,1,5,171.60
20299,1,5,367.20
20298,1,5,38.35
20295,1,5,185.85
20294,1,5,584.01
20293,1,5,456.00
20292,1,5,152.00
20278,1,5,8480.00
20277,1,5,2412.00
20276,1,5,4858.50
20274,1,5,56.43
20273,1,5,112.56
20272,1,5,833.40
20271,1,5,332.81
20270,1,5,431.94
20269,1,5,697.50
20268,1,5,263.00
20265,1,5,3.94
20256,1,5,41.00
20247,1,5,1.69
20246,1,5,85.26
20245,1,5,139.68
20243,1,5,144.20
20242,1,5,397.60
20240,1,5,70.80
20239,1,5,12.39
20218,1,5,3855.00
20209,1,5,67.04
20207,1,5,108.35
20171,1,5,7784.07
20169,1,5,2112.00
20168,1,5,52.80
20166,1,5,482.40
20165,1,5,99.12
20164,1,5,295.61
20163,1,5,181.24
20161,1,5,2434.50
20160,1,5,2.86
20158,1,5,273.12
20157,1,5,544.80
20156,1,5,21.88
20155,1,5,45.60
20153,1,5,33.80
20150,1,5,3.94
20149,1,5,32.22
20148,1,5,81.36
20136,1,5,174.50
20135,1,5,67.60
20134,1,5,3.94
20132,1,5,344.75
20131,1,5,1088.64
20129,1,5,362.85
20128,1,5,50.28
20127,1,5,49.56
20126,1,5,144.20
20119,1,5,773.00
20118,1,5,433.84
20117,1,5,12236.00
20116,1,5,10584.00
20115,1,5,1686.30
20114,1,5,3640.00
20113,1,5,3640.00
20111,1,5,1764.00
20110,1,5,2016.00
20109,1,5,4883.70
20108,1,5,6180.00
20107,1,5,2709.00
20106,1,5,2439.00
20105,1,5,2709.00
20104,1,5,2439.00
20103,1,5,1870.00
20102,1,5,2175.00
20096,1,5,2412.00
20095,1,5,2319.00
20094,1,5,2244.00
20093,1,5,420.00
20092,1,5,909.00
20090,1,5,10.74
20089,1,5,22.60
20088,1,5,247.06
20087,1,5,714.78
20076,1,5,595.00
20073,1,5,38.35
20068,1,5,123.90
20067,1,5,367.71
20066,1,5,1893.50
20052,1,5,552.80
20042,1,5,121.60
20041,1,5,373.92
20039,1,5,43.76
20038,1,5,91.20
20037,1,5,77.20
20036,1,5,50.70
20034,1,5,204.96
20033,1,5,3252.48
20029,1,5,981.12
20028,1,5,779.52
20027,1,5,1559.04
20026,1,5,2338.56
20025,1,5,7802.16
20024,1,5,1559.04
20022,1,5,45.87
20008,1,5,155.70
20007,1,5,621.00
20006,1,5,765.90
20005,1,5,866.00
19999,1,5,264400.00
19998,1,5,576000.00
19997,1,5,408.09
19995,1,5,122.40
19994,1,5,66.00
19993,1,5,367.20
19962,1,5,114.95
19961,1,5,134.00
19959,1,5,1012.90
19958,1,5,939.00
19957,1,5,309.40
19955,1,5,785.50
19954,1,5,137.90
19953,1,5,112.40
19947,1,5,1298.40
19946,1,5,675.69
19945,1,5,204.00
19944,1,5,16.90
19943,1,5,52.80
19942,1,5,6.15
19940,1,5,88.50
19939,1,5,99.12
19938,1,5,295.61
19934,1,5,22020.00
19933,1,5,49800.00
19932,1,5,59000.00
19922,1,5,13.56
19918,1,5,368.72
19916,1,5,6056.64
19914,1,5,553.96
19913,1,5,1242.02
19911,1,5,1988.00
19910,1,5,1571.00
19909,1,5,107.40
19908,1,5,226.00
19894,1,5,43.76
19893,1,5,91.20
19892,1,5,275.80
19891,1,5,296.31
19890,1,5,377.00
19887,1,5,3.94
19882,1,5,1806.00
19881,1,5,1626.00
19878,1,5,1806.00
19877,1,5,1626.00
19876,1,5,7000.00
19875,1,5,6300.00
19867,1,5,885.00
19865,1,5,7077.07
19863,1,5,96.00
19862,1,5,1920.00
19861,1,5,1560.00
19860,1,5,304.59
19859,1,5,393.82
19858,1,5,4581.72
19857,1,5,1056.48
19842,1,5,386.00
19841,1,5,249.60
19840,1,5,66.00
19839,1,5,1728.00
19838,1,5,391.17
19837,1,5,24.78
19836,1,5,144.50
19829,1,5,3750.00
19828,1,5,5200.00
19827,1,5,67.60
19825,1,5,362.85
19824,1,5,691.00
19823,1,5,14000.00
19822,1,5,12600.00
19811,1,5,241.75
19807,1,5,1493.80
19806,1,5,132.00
19805,1,5,11.44
19804,1,5,50.28
19803,1,5,2155.86
19802,1,5,6287.12
19801,1,5,2730.00
19799,1,5,2730.00
19798,1,5,2400.00
19766,1,5,375.60
19765,1,5,555.00
19764,1,5,981.12
19762,1,5,779.52
19761,1,5,779.52
19760,1,5,3118.08
19759,1,5,7022.64
19758,1,5,2338.56
19757,1,5,3.94
19754,1,5,5.98
19752,1,5,17.45
19750,1,5,16.90
19749,1,5,226.55
19746,1,5,97.35
19745,1,5,3855.00
19741,1,5,1298.40
19740,1,5,837.00
19739,1,5,501.00
19734,1,5,84.50
19733,1,5,197.64
19732,1,5,1620.96
19729,1,5,13.79
19727,1,5,482.40
19724,1,5,182.40
19723,1,5,556.32
19722,1,5,4.47
19721,1,5,115.80
19720,1,5,90.50
19718,1,5,296.31
19717,1,5,377.00
19715,1,5,849.30
19713,1,5,16.90
19712,1,5,41.25
19711,1,5,153.00
19710,1,5,66.00
19709,1,5,367.71
19706,1,5,540.60
19705,1,5,344.75
19704,1,5,1088.64
19702,1,5,97.35
19701,1,5,82.62
19700,1,5,96.30
19672,1,5,703.30
19670,1,5,5.98
19669,1,5,1736.64
19667,1,5,568.00
19666,1,5,16.90
19664,1,5,97.35
19663,1,5,55.20
19657,1,5,238.00
19655,1,5,182.08
19654,1,5,363.20
19653,1,5,864.00
19652,1,5,214.80
19650,1,5,1534.50
19649,1,5,456.52
19648,1,5,208.50
19647,1,5,436.50
19617,1,5,104.70
19612,1,5,193.00
19603,1,5,45.87
19602,1,5,269.52
19601,1,5,727.32
19600,1,5,165.62
19599,1,5,264.60
19598,1,5,15.21
19597,1,5,109.80
19596,1,5,83.30
19595,1,5,1122.00
19594,1,5,43.80
19592,1,5,1658.30
19591,1,5,432.00
19590,1,5,350.40
19588,1,5,3900.61
19587,1,5,144.20
19586,1,5,397.60
19584,1,5,1998.75
19583,1,5,21.45
19582,1,5,1.96
19581,1,5,426.80
19579,1,5,5868.72
19578,1,5,334.50
19574,1,5,909.00
19573,1,5,43.76
19572,1,5,91.20
19570,1,5,209.40
19569,1,5,66.00
19568,1,5,367.71
19566,1,5,357.00
19564,1,5,160.80
19563,1,5,1126.80
19562,1,5,71.50
19561,1,5,360.57
19560,1,5,229.90
19559,1,5,1591.70
19557,1,5,460.00
19470,1,5,697.50
19464,1,5,40.20
19463,1,5,1736.64
19462,1,5,182.40
19461,1,5,556.32
19460,1,5,178.80
19459,1,5,568.00
19458,1,5,115.80
19457,1,5,16.90
19456,1,5,9.80
19453,1,5,88.50
19442,1,5,307.44
19441,1,5,2808.96
19440,1,5,981.12
19438,1,5,779.52
19437,1,5,779.52
19436,1,5,3118.08
19435,1,5,7022.64
19434,1,5,2338.56
19431,1,5,59.10
19429,1,5,90.50
19427,1,5,19.40
19426,1,5,66.00
19425,1,5,367.20
19424,1,5,290.50
19423,1,5,384.54
19421,1,5,984.00
19420,1,5,9905.07
19419,1,5,2216.50
19418,1,5,543.20
19417,1,5,73.88
19416,1,5,192.00
19409,1,5,10950.00
19408,1,5,10300.00
19407,1,5,3740.00
19406,1,5,9030.00
19405,1,5,4878.00
19404,1,5,11739.00
19402,1,5,7723.50
19401,1,5,725.00
19397,1,5,2313.00
19395,1,5,3585.30
19393,1,5,204.60
19348,1,5,153.16
19347,1,5,319.20
19344,1,5,511.50
19342,1,5,167.60
19339,1,5,65.64
19338,1,5,136.80
19337,1,5,11.82
19336,1,5,136.80
19335,1,5,45.60
19322,1,5,88.20
19320,1,5,316.80
19318,1,5,360.50
19317,1,5,432.60
19316,1,5,403.28
19315,1,5,322.14
19314,1,5,944.51
19290,1,5,108.15
19288,1,5,776.25
19285,1,5,259.50
19277,1,5,160.80
19266,1,5,136.56
19265,1,5,272.40
19264,1,5,65.64
19263,1,5,136.80
19262,1,5,50.70
19260,1,5,627.50
19259,1,5,66.00
19258,1,5,367.20
19256,1,5,397.94
19254,1,5,1852.38
19251,1,5,97.35
19250,1,5,214.80
19249,1,5,456.52
19247,1,5,134.08
19220,1,5,930.00
19216,1,5,29.10
19207,1,5,1546.00
19206,1,5,1496.00
19192,1,5,541.80
19190,1,5,536.40
19188,1,5,582.00
19187,1,5,110.32
19183,1,5,45.87
19181,1,5,4020.00
19178,1,5,54.30
19177,1,5,180.11
19176,1,5,30.69
19160,1,5,11850.00
19147,1,5,167.20
19146,1,5,80.40
19145,1,5,172.75
19144,1,5,1298.40
19143,1,5,1157.60
19142,1,5,563.40
19141,1,5,909.00
19137,1,5,113.80
19136,1,5,227.00
19135,1,5,9.60
19134,1,5,78.40
19133,1,5,192.00
19131,1,5,100.56
19114,1,5,324.60
19111,1,5,41.31
19110,1,5,108.15
19108,1,5,2709.00
19107,1,5,2439.00
19106,1,5,2439.00
19105,1,5,2800.00
19104,1,5,2520.00
19099,1,5,72.10
19098,1,5,287.18
19097,1,5,33.80
19095,1,5,92.40
19094,1,5,344.75
19093,1,5,1088.64
19091,1,5,177.00
19090,1,5,173.46
19089,1,5,511.91
19088,1,5,859.05
19086,1,5,41.00
19085,1,5,172.75
19084,1,5,1298.40
19083,1,5,555.00
19081,1,5,139.60
19079,1,5,169.00
19076,1,5,785.50
19075,1,5,137.90
19073,1,5,863.55
19069,1,5,67.04
19058,1,5,442.50
19056,1,5,7077.07
19053,1,5,96.00
19051,1,5,1920.00
19050,1,5,16.90
19044,1,5,97.35
19031,1,5,2417.40
19030,1,5,594.96
19014,1,5,440.64
19013,1,5,608.79
19011,1,5,142.00
19010,1,5,183.60
19008,1,5,66.00
19007,1,5,367.20
19005,1,5,4200.00
19004,1,5,3780.00
19003,1,5,4380.00
19002,1,5,4120.00
19001,1,5,1806.00
19000,1,5,1626.00
18999,1,5,1806.00
18998,1,5,1626.00
18997,1,5,1496.00
18996,1,5,1450.00
18993,1,5,3625.00
18959,1,5,230.00
18957,1,5,11.64
18954,1,5,67.04
18936,1,5,898.22
18934,1,5,460.00
18933,1,5,92.54
18932,1,5,207.36
18931,1,5,2313.00
18930,1,5,1218.24
18928,1,5,397.60
18926,1,5,9.80
18925,1,5,46.20
18922,1,5,224.60
18921,1,5,86.73
18920,1,5,259.56
18919,1,5,627.00
18918,1,5,866.00
18909,1,5,13.96
18905,1,5,465.00
18892,1,5,766.00
18891,1,5,32.11
18890,1,5,91.50
18889,1,5,102.90
18888,1,5,1907.40
18887,1,5,113.88
18885,1,5,1946.70
18884,1,5,432.00
18883,1,5,3244.50
18882,1,5,306.60
18880,1,5,3900.61
18879,1,5,540.75
18878,1,5,511.20
18875,1,5,324.60
18874,1,5,465.00
18872,1,5,227.60
18871,1,5,454.00
18869,1,5,157.05
18866,1,5,321.60
18864,1,5,100.56
18858,1,5,372.00
18849,1,5,3252.00
18848,1,5,9800.00
18847,1,5,8820.00
18836,1,5,1298.40
18831,1,5,7297.11
18830,1,5,1765.40
18828,1,5,153.45
18827,1,5,406.50
18826,1,5,126.00
18825,1,5,1108.80
18824,1,5,1056.21
18821,1,5,160.80
18820,1,5,27.80
18819,1,5,58.20
18807,1,5,920.00
18805,1,5,744.00
18802,1,5,174.50
18801,1,5,402.30
18800,1,5,784.00
18799,1,5,854.10
18798,1,5,168.78
18797,1,5,2787.65
18796,1,5,2005.00
18794,1,5,67.04
18785,1,5,402.00
18783,1,5,21.88
18782,1,5,45.60
18773,1,5,143.00
18772,1,5,707.00
18769,1,5,3.94
18760,1,5,606.00
18759,1,5,113.80
18758,1,5,227.00
18757,1,5,115.20
18756,1,5,66.00
18755,1,5,391.17
18754,1,5,344.75
18753,1,5,1088.64
18751,1,5,41.00
18748,1,5,65.64
18747,1,5,136.80
18741,1,5,167.60
18723,1,5,309.50
18722,1,5,1312.00
18721,1,5,7077.07
18720,1,5,121.60
18719,1,5,373.92
18716,1,5,77.20
18714,1,5,1716.00
18713,1,5,54.30
18711,1,5,395.76
18710,1,5,324.60
18709,1,5,180.11
18704,1,5,84.50
18699,1,5,8.04
18695,1,5,5.98
18693,1,5,64.89
18691,1,5,11.83
18690,1,5,172.80
18689,1,5,125.40
18687,1,5,278.00
18686,1,5,587.82
18683,1,5,420.00
18676,1,5,115.20
18675,1,5,182.40
18674,1,5,547.20
18660,1,5,266.00
18659,1,5,193.00
18656,1,5,1235.00
18655,1,5,931.00
18654,1,5,5061.00
18653,1,5,5135.70
18651,1,5,184.70
18650,1,5,480.00
18649,1,5,1563.84
18648,1,5,188.85
18647,1,5,427.12
18646,1,5,511.20
18645,1,5,126.75
18644,1,5,92.40
18642,1,5,344.75
18641,1,5,1088.64
18640,1,5,173.46
18639,1,5,511.91
18624,1,5,1612.00
18617,1,5,185.10
18615,1,5,7077.07
18613,1,5,96.00
18612,1,5,1920.00
18611,1,5,140.70
18610,1,5,400.21
18608,1,5,41.70
18604,1,5,160.80
18603,1,5,863.80
18600,1,5,5.07
18599,1,5,1.96
18591,1,5,402.00
18590,1,5,1542.00
18588,1,5,39.66
18587,1,5,86.40
18586,1,5,131.48
18584,1,5,134.08
18583,1,5,393.30
18582,1,5,555.00
18563,1,5,460.00
18562,1,5,740.40
18560,1,5,232.46
18556,1,5,465.00
18547,1,5,137.90
18546,1,5,873.00
18545,1,5,558.00
18544,1,5,5.81
18543,1,5,214.80
18542,1,5,456.52
18541,1,5,208.50
18540,1,5,436.50
18539,1,5,360.50
18529,1,5,264.40
18528,1,5,576.00
18526,1,5,785.50
18525,1,5,137.90
18523,1,5,80.40
18522,1,5,5040.00
18505,1,5,113.80
18504,1,5,227.00
18501,1,5,33.49
18497,1,5,511.50
18495,1,5,336.90
18494,1,5,927.96
18484,1,5,402.00
18478,1,5,3625.00
18476,1,5,1480.80
18475,1,5,7000.00
18474,1,5,6300.00
18473,1,5,2709.00
18472,1,5,3252.00
18471,1,5,2709.00
18470,1,5,3252.00
18460,1,5,5.98
18459,1,5,21.88
18458,1,5,45.60
18453,1,5,4.10
18437,1,5,182.40
18436,1,5,556.32
18435,1,5,115.80
18428,1,5,45.87
18427,1,5,544.00
18421,1,5,14700.00
18418,1,5,4413.51
18416,1,5,69.80
18415,1,5,9.60
18414,1,5,6293.00
18413,1,5,233.09
18412,1,5,1509.32
18411,1,5,249.60
18410,1,5,792.00
18409,1,5,367.20
18408,1,5,18421.35
18407,1,5,808.48
18404,1,5,134.08
18403,1,5,8.45
18402,1,5,82.35
18401,1,5,83.30
18400,1,5,653.40
18399,1,5,43.80
18398,1,5,1081.50
18397,1,5,360.00
18396,1,5,400.50
18395,1,5,350.40
18393,1,5,1629.46
18392,1,5,160.20
18391,1,5,454.40
18388,1,5,35.14
18374,1,5,816.00
18368,1,5,54.30
18366,1,5,23.28
18365,1,5,174.30
18364,1,5,299.46
18352,1,5,460.00
18351,1,5,805.07
18350,1,5,2355.85
18349,1,5,2175.00
18344,1,5,157.05
18332,1,5,132.00
18330,1,5,153.00
18327,1,5,540.60
18325,1,5,108.13
18324,1,5,43.76
18322,1,5,91.20
18320,1,5,16.90
18319,1,5,41.25
18318,1,5,1480.80
18311,1,5,67.60
18269,1,5,182.40
18268,1,5,556.32
18266,1,5,115.80
18265,1,5,59.40
18263,1,5,111.51
18262,1,5,331.66
18247,1,5,2709.00
18246,1,5,8.45
18245,1,5,18.30
18244,1,5,43.80
18243,1,5,96.36
18242,1,5,866.00
18241,1,5,111.75
18239,1,5,315.20
18237,1,5,344.75
18236,1,5,1088.64
18221,1,5,22600.00
18220,1,5,1905.00
18206,1,5,4065.00
18205,1,5,2244.00
18204,1,5,345.50
18201,1,5,5.28
18199,1,5,160.80
18191,1,5,73.00
18188,1,5,465.00
18186,1,5,113.80
18185,1,5,227.00
18184,1,5,553.96
18183,1,5,1242.02
18182,1,5,463.66
18179,1,5,13.56
18177,1,5,83.80
18176,1,5,21.30
18162,1,5,740.40
18161,1,5,43.76
18160,1,5,91.20
18158,1,5,122.15
18157,1,5,54.30
18156,1,5,55.77
18155,1,5,3.92
18154,1,5,11.64
18151,1,5,180.11
18150,1,5,179.55
18147,1,5,409.20
18146,1,5,139.00
18145,1,5,296.82
18144,1,5,16.76
18143,1,5,4065.00
18142,1,5,4515.00
18134,1,5,8820.00
18133,1,5,7980.00
18132,1,5,2170.00
18130,1,5,13300.00
18129,1,5,1395.36
18128,1,5,501.00
18127,1,5,606.00
18125,1,5,1872.71
18123,1,5,333.68
18122,1,5,5486.40
18120,1,5,339.15
18108,1,5,735.00
18107,1,5,1812.50
18102,1,5,9030.00
18101,1,5,7870.00
18100,1,5,20.28
18099,1,5,23.79
18098,1,5,78.40
18097,1,5,549.12
18096,1,5,360.50
18095,1,5,360.00
18094,1,5,391.17
18093,1,5,105.12
18092,1,5,461.44
18091,1,5,158.40
18088,1,5,1297.80
18087,1,5,437.36
18084,1,5,541.80
18083,1,5,65.64
18082,1,5,136.80
18081,1,5,625.80
18080,1,5,61.60
18079,1,5,9.60
18077,1,5,5.91
18074,1,5,335.20
18069,1,5,1453.50
18066,1,5,8.64
18064,1,5,139.60
18063,1,5,86.85
18062,1,5,172.80
18061,1,5,540.75
18060,1,5,42.60
18058,1,5,3252.00
18052,1,5,1545.93
18043,1,5,204.96
18042,1,5,3548.16
18039,1,5,490.56
18037,1,5,779.52
18036,1,5,779.52
18035,1,5,2338.56
18034,1,5,7022.64
18033,1,5,2338.56
18030,1,5,69.80
18029,1,5,223.50
18028,1,5,50.70
18025,1,5,118.80
18020,1,5,256.50
18017,1,5,173.46
18016,1,5,511.91
18013,1,5,666.72
18010,1,5,420.00
18009,1,5,555.00
18008,1,5,76.00
18007,1,5,237.12
18006,1,5,48.25
18005,1,5,96.00
18004,1,5,508.20
18003,1,5,367.20
18002,1,5,360.00
18001,1,5,86.73
18000,1,5,259.56
17994,1,5,60.48
17993,1,5,168.00
17992,1,5,74.55
17991,1,5,175.20
17982,1,5,25.02
17968,1,5,544.00
17967,1,5,7350.00
17966,1,5,6650.00
17965,1,5,6900.00
17964,1,5,6510.00
17963,1,5,2175.00
17961,1,5,2313.00
17960,1,5,394.44
17959,1,5,33.80
17958,1,5,1358.00
17955,1,5,1734.60
17954,1,5,5054.21
17952,1,5,1179.90
17934,1,5,5.98
17932,1,5,144.20
17931,1,5,111.75
17929,1,5,38.60
17928,1,5,89.84
17927,1,5,163.02
17926,1,5,10.65
17923,1,5,1295.70
17922,1,5,355.02
17920,1,5,3.84
17918,1,5,204.60
17906,1,5,88.13
17905,1,5,185.46
17902,1,5,87.60
17901,1,5,360.00
17898,1,5,160.80
17897,1,5,108.15
17895,1,5,7250.00
17894,1,5,21700.00
17892,1,5,21.88
17891,1,5,45.60
17885,1,5,2366.00
17884,1,5,4850.00
17883,1,5,725.00
17882,1,5,227.60
17881,1,5,454.00
17879,1,5,46.20
17878,1,5,249.48
17877,1,5,785.50
17876,1,5,621.00
17875,1,5,52.38
17874,1,5,83.80
17873,1,5,547.20
17872,1,5,360.50
17871,1,5,149.94
17870,1,5,209.25
17869,1,5,137.90
17868,1,5,112.40
17866,1,5,20.85
17865,1,5,225.54
17864,1,5,27.80
17863,1,5,184.00
17862,1,5,94.00
17852,1,5,873.00
17851,1,5,690.00
17850,1,5,153.30
17849,1,5,624.00
17841,1,5,1480.80
17840,1,5,309.60
17837,1,5,357.60
17834,1,5,19.40
17833,1,5,72.60
17827,1,5,136.29
17826,1,5,403.76
17823,1,5,420.00
17822,1,5,1626.00
17821,1,5,2709.00
17820,1,5,2439.00
17818,1,5,1002.00
17816,1,5,65.64
17815,1,5,136.80
17808,1,5,20.85
17807,1,5,36.48
17803,1,5,493.60
17802,1,5,930.00
17800,1,5,1299.00
17788,1,5,2313.00
17779,1,5,873.00
17778,1,5,153.30
17777,1,5,286.00
17768,1,5,211.05
17767,1,5,40.74
17766,1,5,580.95
17765,1,5,434.70
17764,1,5,233.74
17758,1,5,866.00
17751,1,5,7077.07
17750,1,5,288.00
17749,1,5,1920.00
17748,1,5,169.84
17746,1,5,760.32
17745,1,5,32.08
17744,1,5,99.80
17740,1,5,866.00
17739,1,5,357.00
17738,1,5,7.85
17736,1,5,756.00
17734,1,5,1135.20
17732,1,5,185.00
17730,1,5,108.00
17729,1,5,5068.80
17728,1,5,1742.00
17726,1,5,2296.00
17725,1,5,6432.03
17723,1,5,634.00
17713,1,5,25.35
17711,1,5,20.85
17710,1,5,1117.55
17708,1,5,2660.00
17706,1,5,106.40
17705,1,5,328.32
17703,1,5,440.65
17702,1,5,994.74
17701,1,5,67.55
17700,1,5,295.75
17699,1,5,288.00
17684,1,5,122.15
17682,1,5,117.32
17672,1,5,866.00
17670,1,5,1318.56
17669,1,5,707.00
17668,1,5,429.00
17667,1,5,38.80
17665,1,5,10920.00
17664,1,5,544.00
17663,1,5,1546.00
17662,1,5,2244.00
17654,1,5,345.50
17652,1,5,182.08
17651,1,5,363.20
17650,1,5,353.29
17648,1,5,910.00
17647,1,5,910.00
17646,1,5,1806.00
17645,1,5,1626.00
17644,1,5,1806.00
17643,1,5,1626.00
17642,1,5,3625.00
17641,1,5,848.00
17640,1,5,2040.00
17639,1,5,4.69
17628,1,5,1431.06
17623,1,5,617.00
17622,1,5,930.00
17620,1,5,144.20
17619,1,5,145.32
17617,1,5,269.52
17616,1,5,777.48
17604,1,5,7820.00
17602,1,5,180.96
17601,1,5,752.44
17599,1,5,387.00
17598,1,5,670.50
17597,1,5,66.00
17596,1,5,411.74
17593,1,5,409.20
17592,1,5,1231.65
17586,1,5,1405.05
17585,1,5,1116.77
17583,1,5,5.98
17581,1,5,54.30
17578,1,5,187.60
17576,1,5,41.25
17575,1,5,153.00
17574,1,5,1.94
17572,1,5,516.40
17571,1,5,335.42
17570,1,5,174.30
17569,1,5,289.80
17568,1,5,486.54
17564,1,5,19.35
17562,1,5,2123.54
17561,1,5,148.80
17559,1,5,238.71
17557,1,5,34.84
17556,1,5,939.00
17554,1,5,460.80
17550,1,5,357.60
17533,1,5,8720.00
17532,1,5,1050.00
17531,1,5,920.00
17530,1,5,1050.00
17529,1,5,17120.00
17528,1,5,19020.00
17526,1,5,1526.00
17525,1,5,774.00
17516,1,5,94.00
17513,1,5,35.04
17512,1,5,79.36
17509,1,5,400.50
17508,1,5,2803.50
17507,1,5,400.00
17506,1,5,400.00
17505,1,5,400.50
17503,1,5,4333.41
17502,1,5,1393.74
17501,1,5,252.40
17499,1,5,786.21
17496,1,5,67.58
17494,1,5,1931.58
17493,1,5,134.00
17492,1,5,939.00
17490,1,5,517.00
17489,1,5,1112.00
17488,1,5,1346.00
17486,1,5,28.20
17485,1,5,294.00
17481,1,5,56.80
17479,1,5,147.45
17478,1,5,1930.41
17464,1,5,116.10
17463,1,5,517.00
17462,1,5,6090.00
17461,1,5,2418.00
17460,1,5,992.00
17459,1,5,16590.00
17458,1,5,4068.00
17457,1,5,714.40
17456,1,5,5628.00
17455,1,5,1432.00
17454,1,5,1208.70
17448,1,5,162.40
17447,1,5,308.20
17446,1,5,2358.63
17444,1,5,482.40
17443,1,5,1126.80
17442,1,5,673.00
17441,1,5,6969.60
17440,1,5,223.20
17439,1,5,2291.00
17438,1,5,67.80
17437,1,5,258.00
17435,1,5,1152.00
17433,1,5,238.60
17432,1,5,507.02
17431,1,5,77.20
17430,1,5,161.50
17428,1,5,14700.00
17427,1,5,13300.00
17423,1,5,13952.00
17422,1,5,7350.00
17420,1,5,875.70
17416,1,5,113.60
17413,1,5,77.40
17410,1,5,557.28
17409,1,5,2794.96
17408,1,5,8185.15
17406,1,5,811.03
17405,1,5,400.00
17404,1,5,1802.25
17403,1,5,1802.25
17402,1,5,81.60
17401,1,5,2411.01
17399,1,5,640.00
17398,1,5,94.00
17394,1,5,96.39
17393,1,5,280.35
17392,1,5,1403.85
17391,1,5,110.16
17389,1,5,328.41
17388,1,5,181.87
17387,1,5,412.50
17386,1,5,141.00
17384,1,5,8720.00
17383,1,5,2313.00
17379,1,5,8720.00
17375,1,5,1407.00
17374,1,5,10212.85
17372,1,5,325.50
17371,1,5,2067.00
17370,1,5,626.40
17369,1,5,73.50
17368,1,5,408.00
17367,1,5,1388.60
17366,1,5,72.96
17365,1,5,152.10
17364,1,5,259.86
17363,1,5,383.00
17362,1,5,1209.60
17361,1,5,342.50
17360,1,5,400.00
17359,1,5,2403.00
17358,1,5,400.50
17356,1,5,685.00
17351,1,5,1193.00
17350,1,5,2510.00
17349,1,5,8720.00
17331,1,5,318.20
17330,1,5,1420.80
17322,1,5,328.41
17318,1,5,111.72
17317,1,5,768.00
17315,1,5,90.48
17307,1,5,8720.00
17306,1,5,151.68
17305,1,5,303.00
17304,1,5,23.52
17301,1,5,19.71
17297,1,5,445.44
17296,1,5,1334.00
17285,1,5,357.60
17284,1,5,1233.00
17264,1,5,1668.00
17263,1,5,2336.00
17262,1,5,101.40
17261,1,5,33.78
17259,1,5,65.25
17255,1,5,23.15
17254,1,5,58.80
17253,1,5,110.16
17252,1,5,328.41
17251,1,5,453.84
17250,1,5,135.60
17249,1,5,60.30
17247,1,5,193.80
17246,1,5,259.78
17244,1,5,156.30
17243,1,5,38.88
17242,1,5,430.50
17241,1,5,322.20
17239,1,5,111.72
17233,1,5,1308.00
17232,1,5,3341.56
17231,1,5,77.28
17230,1,5,250.00
17229,1,5,249.60
17228,1,5,697.00
17227,1,5,18.62
17222,1,5,318.00
17221,1,5,1458.00
17220,1,5,3212.01
17219,1,5,864.00
17218,1,5,168.90
17214,1,5,72.96
17213,1,5,152.10
17211,1,5,372.40
17210,1,5,2.19
17208,1,5,91.00
17207,1,5,912.00
17206,1,5,6976.00
17194,1,5,1844.00
17193,1,5,59000.00
17191,1,5,50000.00
17190,1,5,139.90
17189,1,5,318.75
17188,1,5,112.80
17186,1,5,108.13
17181,1,5,45.44
17177,1,5,198.75
17176,1,5,620.00
17175,1,5,1479.60
17174,1,5,6510.00
17173,1,5,19056.35
17171,1,5,400.50
17168,1,5,77.40
17161,1,5,6104.00
17145,1,5,408.00
17144,1,5,349.75
17143,1,5,787.50
17142,1,5,235.00
17141,1,5,865.76
17140,1,5,1731.52
17139,1,5,865.76
17138,1,5,3463.04
17136,1,5,7799.57
17134,1,5,228.48
17133,1,5,1089.76
17132,1,5,3695.58
17127,1,5,648.00
17126,1,5,1437.00
17123,1,5,231.00
17122,1,5,5229.46
17121,1,5,1617.00
17099,1,5,7857.85
17097,1,5,106.00
17096,1,5,2130.00
17095,1,5,215.00
17092,1,5,3492.00
17091,1,5,2760.00
17090,1,5,613.20
17089,1,5,499.20
17088,1,5,1034.00
17087,1,5,1614.03
17085,1,5,102.60
17084,1,5,266.50
17082,1,5,77.20
17081,1,5,167.96
17079,1,5,322.56
17078,1,5,966.00
17077,1,5,2814.00
17076,1,5,729.00
17075,1,5,9427.85
17074,1,5,336.00
17073,1,5,934.00
17072,1,5,6729.60
17069,1,5,2212.00
17067,1,5,651.00
17066,1,5,2067.00
17065,1,5,94.00
17064,1,5,129.60
17063,1,5,73.50
17062,1,5,434.52
17057,1,5,102.60
17056,1,5,266.50
17053,1,5,15.06
17051,1,5,1234.00
17050,1,5,2019.00
17049,1,5,168.70
17048,1,5,517.00
17045,1,5,2313.00
17019,1,5,98.10
17018,1,5,2883.60
17017,1,5,567.90
17016,1,5,37.60
17015,1,5,188.00
17014,1,5,800.00
17013,1,5,801.00
17012,1,5,823.20
17011,1,5,80.10
17010,1,5,595.35
17009,1,5,3252.06
17008,1,5,198.45
17007,1,5,360.45
17006,1,5,720.90
17005,1,5,153.60
17004,1,5,460.00
17003,1,5,13.23
16975,1,5,572.00
16974,1,5,282.00
16964,1,5,252.80
16963,1,5,505.00
16961,1,5,9.96
16959,1,5,475.20
16958,1,5,699.00
16956,1,5,2236.50
16955,1,5,8250.35
16951,1,5,1216.00
16950,1,5,2535.00
16947,1,5,268.20
16946,1,5,140.16
16925,1,5,316.00
16924,1,5,226.00
16923,1,5,198.75
16921,1,5,54.00
16920,1,5,624.96
16917,1,5,91.00
16915,1,5,511.00
16914,1,5,385.00
16913,1,5,960.00
16912,1,5,751.44
16911,1,5,344.00
16908,1,5,1337.70
16904,1,5,951.00
16903,1,5,2568.00
16902,1,5,951.00
16901,1,5,856.00
16900,1,5,3935.00
16899,1,5,4578.00
16898,1,5,8820.00
16897,1,5,7980.00
16896,1,5,9200.00
16895,1,5,8680.00
16893,1,5,125.12
16891,1,5,459.00
16890,1,5,251.00
16886,1,5,820.00
16885,1,5,492.00
16883,1,5,1272.00
16881,1,5,4409.60
16880,1,5,820.00
16877,1,5,27.78
16876,1,5,5229.46
16875,1,5,1617.00
16874,1,5,1446.58
16871,1,5,231.00
16868,1,5,77.20
16867,1,5,167.96
16865,1,5,48.06
16864,1,5,1608.00
16863,1,5,417.60
16862,1,5,202.56
16861,1,5,618.54
16859,1,5,129.00
16858,1,5,60.30
16855,1,5,1831.68
16854,1,5,24.00
16853,1,5,193.80
16852,1,5,511.18
16850,1,5,926.00
16849,1,5,5039.82
16848,1,5,8194.23
16847,1,5,1526.00
16846,1,5,387.00
16827,1,5,116.00
16824,1,5,1370.00
16823,1,5,804.00
16822,1,5,939.00
16818,1,5,456.00
16817,1,5,9.96
16771,1,5,432.00
16770,1,5,550.80
16769,1,5,1610.01
16768,1,5,238.60
16767,1,5,502.00
16766,1,5,694.80
16765,1,5,1466.42
16764,1,5,60.30
16761,1,5,12.96
16759,1,5,193.80
16758,1,5,332.94
16757,1,5,592.00
16755,1,5,2744.00
16754,1,5,2296.00
16751,1,5,4826.03
16750,1,5,1268.00
16749,1,5,756.00
16748,1,5,108.00
16746,1,5,1742.00
16745,1,5,615.56
16744,1,5,1381.25
16743,1,5,502.00
16742,1,5,238.60
16741,1,5,585.60
16740,1,5,189.60
16739,1,5,383.00
16738,1,5,1209.60
16737,1,5,4.54
16735,1,5,574.08
16734,1,5,1533.40
16732,1,5,4554.00
16731,1,5,4869.48
16728,1,5,48.06
16727,1,5,160.20
16723,1,5,252.80
16722,1,5,505.00
16717,1,5,186.20
16713,1,5,36.75
16712,1,5,68.85
16711,1,5,208.26
16710,1,5,383.00
16709,1,5,1209.60
16708,1,5,119.25
16707,1,5,372.00
16706,1,5,2224.25
16705,1,5,475.20
16704,1,5,6515.10
16701,1,5,98.30
16699,1,5,10.60
16694,1,5,65.80
16679,1,5,430.00
16678,1,5,496.00
16676,1,5,23.20
16675,1,5,496.62
16674,1,5,11.83
16673,1,5,176.76
16672,1,5,881.10
16670,1,5,13.77
16669,1,5,40.05
16665,1,5,39.32
16658,1,5,65.70
16656,1,5,511.00
16654,1,5,51.45
16653,1,5,96.39
16652,1,5,288.36
16651,1,5,383.00
16650,1,5,1209.60
16648,1,5,154.80
16646,1,5,480.60
16645,1,5,62.00
16644,1,5,267.90
16643,1,5,1005.00
16642,1,5,501.20
16641,1,5,2962.50
16640,1,5,1582.00
16639,1,5,2853.00
16638,1,5,2568.00
16637,1,5,2289.00
16617,1,5,299.52
16616,1,5,836.40
16613,1,5,357.60
16610,1,5,4410.00
16609,1,5,5320.00
16608,1,5,2030.00
16607,1,5,774.00
16606,1,5,116.00
16605,1,5,804.00
16604,1,5,460.80
16603,1,5,478.00
16598,1,5,405.60
16597,1,5,135.12
16596,1,5,249.60
16595,1,5,697.00
16594,1,5,137.70
16593,1,5,400.50
16591,1,5,93.10
16565,1,5,208.80
16564,1,5,1608.00
16562,1,5,252.80
16561,1,5,505.00
16553,1,5,308.80
16552,1,5,652.46
16551,1,5,507.00
16548,1,5,2940.00
16547,1,5,3990.00
16546,1,5,2568.00
16545,1,5,3148.00
16544,1,5,716.00
16543,1,5,1130.00
16542,1,5,2418.00
16535,1,5,203.00
16534,1,5,2190.00
16533,1,5,1615.50
16531,1,5,511.00
16529,1,5,295.68
16528,1,5,9.40
16526,1,5,268.20
16524,1,5,58.98
16523,1,5,885.50
16522,1,5,1027.50
16520,1,5,9.96
16519,1,5,336.00
16518,1,5,934.00
16516,1,5,307.20
16514,1,5,106.50
16513,1,5,20.58
16511,1,5,920.00
16496,1,5,259.20
16495,1,5,5769.60
16494,1,5,1896.00
16492,1,5,25.10
16491,1,5,90.20
16489,1,5,45.50
16488,1,5,126.40
16487,1,5,252.50
16486,1,5,44.07
16485,1,5,96.00
16481,1,5,261.12
16480,1,5,782.00
16479,1,5,109.50
16476,1,5,4060.00
16470,1,5,50000.00
16466,1,5,1060.00
16465,1,5,298.25
16464,1,5,632.52
16463,1,5,231.60
16462,1,5,484.50
16461,1,5,656.00
16460,1,5,574.00
16459,1,5,3720.60
16458,1,5,55.86
16456,1,5,414.00
16454,1,5,1122.00
16453,1,5,376.50
16440,1,5,133.48
16437,1,5,3877.20
16436,1,5,3855.00
16433,1,5,2397.50
16431,1,5,202.56
16430,1,5,618.54
16425,1,5,129.00
16424,1,5,404.70
16418,1,5,627.00
16417,1,5,1923.37
16413,1,5,617.00
16402,1,5,2412.00
16401,1,5,1432.00
16400,1,5,7110.00
16399,1,5,4520.00
16398,1,5,4410.00
16397,1,5,3990.00
16396,1,5,2361.00
16395,1,5,42.60
16394,1,5,529.50
16393,1,5,24.32
16392,1,5,50.70
16391,1,5,13.99
16390,1,5,25.00
16386,1,5,155.00
16385,1,5,76.80
16384,1,5,168.70
16382,1,5,517.00
16381,1,5,1281.60
16380,1,5,1112.00
16379,1,5,584.00
16378,1,5,139.20
16377,1,5,1286.40
16376,1,5,56.40
16375,1,5,183.60
16374,1,5,196.20
16373,1,5,1315.65
16372,1,5,282.00
16371,1,5,3612.51
16370,1,5,640.00
16369,1,5,400.50
16368,1,5,875.70
16367,1,5,2162.70
16366,1,5,360.45
16365,1,5,851.85
16345,1,5,645.00
16342,1,5,116.10
16339,1,5,744.00
16338,1,5,10.60
16337,1,5,268.80
16332,1,5,205.20
16331,1,5,533.00
16330,1,5,18.62
16328,1,5,805.00
16327,1,5,1292.40
16326,1,5,1034.00
16325,1,5,1346.00
16324,1,5,46.72
16323,1,5,99.20
16322,1,5,217.00
16321,1,5,100.17
16320,1,5,69.12
16317,1,5,641.35
16316,1,5,312.48
16314,1,5,590.72
16303,1,5,1872.71
16302,1,5,371.52
16301,1,5,5486.40
16300,1,5,572.00
16292,1,5,168.70
16291,1,5,517.00
16285,1,5,405.12
16284,1,5,1237.08
16281,1,5,150.50
16279,1,5,21.60
16275,1,5,427.38
16273,1,5,240.30
16269,1,5,1313.28
16268,1,5,2737.80
16267,1,5,544.88
16266,1,5,111.92
16265,1,5,256.25
16263,1,5,232.20
16262,1,5,300.80
16261,1,5,55.20
16260,1,5,204.00
16257,1,5,246.96
16255,1,5,1149.50
16254,1,5,646.60
16252,1,5,235.50
16251,1,5,447.00
16250,1,5,87.20
16249,1,5,47.70
16248,1,5,228.48
16246,1,5,3441.27
16244,1,5,243.66
16241,1,5,865.76
16240,1,5,1298.64
16239,1,5,3463.04
16238,1,5,6933.81
16237,1,5,2597.28
16235,1,5,249.60
16234,1,5,123.93
16233,1,5,368.46
16232,1,5,697.00
16227,1,5,537.00
16226,1,5,8642.85
16225,1,5,2343.00
16224,1,5,475.20
16223,1,5,138.45
16221,1,5,6.48
16203,1,5,90.08
16201,1,5,298.00
16200,1,5,43.60
16198,1,5,12.70
16197,1,5,430.50
16192,1,5,594.98
16191,1,5,30.24
16188,1,5,156.30
16186,1,5,130.34
16185,1,5,120.60
16184,1,5,12.96
16183,1,5,387.60
16180,1,5,154.80
16165,1,5,774.00
16164,1,5,1746.00
16163,1,5,1380.00
16162,1,5,306.60
16161,1,5,249.60
16158,1,5,357.60
16156,1,5,111.72
16154,1,5,1234.80
16146,1,5,558.60
16142,1,5,822.00
16140,1,5,40.80
16137,1,5,967.58
16083,1,5,3675.00
16082,1,5,3325.00
16081,1,5,2853.00
16080,1,5,1712.00
16077,1,5,2090.40
16076,1,5,966.60
16075,1,5,6162.00
16074,1,5,3051.00
16073,1,5,4410.00
16072,1,5,3990.00
16071,1,5,6900.00
16070,1,5,6510.00
16069,1,5,1574.00
16067,1,5,27.84
16063,1,5,111.36
16062,1,5,333.50
16054,1,5,7160.00
16034,1,5,1233.00
16033,1,5,385.00
16015,1,5,1034.00
16014,1,5,4.26
16012,1,5,65.28
16008,1,5,336.00
16007,1,5,934.00
16002,1,5,178.80
16000,1,5,511.00
15999,1,5,24.03
15998,1,5,408.51
15996,1,5,3737.46
15995,1,5,1155.00
15994,1,5,479.00
15991,1,5,115.50
15987,1,5,160.20
15986,1,5,357.75
15985,1,5,97.20
15984,1,5,1116.00
15983,1,5,2495.50
15982,1,5,756.00
15981,1,5,7308.85
15980,1,5,202.56
15979,1,5,618.54
15978,1,5,129.00
15970,1,5,154.80
15967,1,5,227.52
15966,1,5,454.50
15965,1,5,18.80
15963,1,5,108.13
15962,1,5,82.62
15959,1,5,146.90
15958,1,5,320.00
15955,1,5,1216.00
15954,1,5,2535.00
15953,1,5,336.00
15942,1,5,2187.00
15941,1,5,8642.85
15937,1,5,2226.00
15936,1,5,604.80
15935,1,5,88.20
15934,1,5,165.24
15933,1,5,488.61
15924,1,5,348.00
15923,1,5,232.00
15922,1,5,1608.00
15921,1,5,1502.40
15919,1,5,1216.00
15910,1,5,1542.00
15899,1,5,6.64
15897,1,5,934.00
15895,1,5,147.06
15894,1,5,383.40
15892,1,5,10.60
15890,1,5,535.35
15889,1,5,2390.40
15886,1,5,33.66
15882,1,5,45.50
15881,1,5,96.30
15878,1,5,7350.00
15877,1,5,6650.00
15876,1,5,4755.00
15875,1,5,4280.00
15874,1,5,2361.00
15873,1,5,3815.00
15872,1,5,331.20
15871,1,5,685.00
15869,1,5,617.00
15868,1,5,1034.00
15867,1,5,1112.00
15866,1,5,1346.00
15862,1,5,319.50
15861,1,5,28.20
15860,1,5,4.32
15859,1,5,150.40
15856,1,5,35.99
15855,1,5,112.20
15854,1,5,76.30
15853,1,5,764.40
15852,1,5,400.00
15851,1,5,1602.00
15849,1,5,291.90
15848,1,5,2170.71
15847,1,5,441.70
15845,1,5,130.34
15844,1,5,299.52
15843,1,5,850.34
15842,1,5,344.00
15841,1,5,396.80
15837,1,5,17.82
15836,1,5,55.40
15824,1,5,13300.00
15822,1,5,360.00
15820,1,5,4755.00
15819,1,5,4280.00
15818,1,5,2289.00
15806,1,5,912.00
15805,1,5,576.00
15804,1,5,453.84
15803,1,5,189.60
15802,1,5,135.60
15801,1,5,18.80
15800,1,5,16.35
15796,1,5,98.30
15795,1,5,48.64
15794,1,5,101.40
15792,1,5,2052.00
15791,1,5,24.00
15789,1,5,112.56
15788,1,5,344.05
15786,1,5,926.00
15784,1,5,186.20
15783,1,5,2616.30
15782,1,5,7617.51
15771,1,5,348.00
15770,1,5,614.40
15769,1,5,209.85
15768,1,5,475.00
15766,1,5,150.40
15765,1,5,340.80
15764,1,5,23.52
15762,1,5,3.24
15725,1,5,108.13
15722,1,5,93.10
15721,1,5,15.06
15720,1,5,1746.00
15719,1,5,1380.00
15718,1,5,306.60
15717,1,5,249.60
15715,1,5,45.50
15714,1,5,5623.02
15713,1,5,149.10
15712,1,5,1029.00
15708,1,5,572.00
15700,1,5,58.76
15699,1,5,128.00
15658,1,5,27.78
15656,1,5,400.50
15655,1,5,364.80
15654,1,5,760.50
15652,1,5,58.80
15651,1,5,110.16
15650,1,5,328.41
15646,1,5,1227.40
15644,1,5,527.10
15642,1,5,1804.00
15641,1,5,410.00
15640,1,5,2342.60
15638,1,5,1494.60
15637,1,5,328.00
15635,1,5,73.50
15634,1,5,408.00
15633,1,5,117.52
15632,1,5,256.00
15629,1,5,771.00
15625,1,5,7857.85
15624,1,5,106.00
15623,1,5,2130.00
15622,1,5,308.80
15621,1,5,652.46
15620,1,5,58.76
15619,1,5,128.00
15618,1,5,383.00
15617,1,5,1209.60
15616,1,5,617.00
15613,1,5,511.00
15612,1,5,385.00
15595,1,5,178.80
15592,1,5,360.60
15591,1,5,322.20
15590,1,5,60.30
15588,1,5,12.96
15586,1,5,200.26
15585,1,5,106.50
15584,1,5,4410.00
15583,1,5,3990.00
15582,1,5,2853.00
15581,1,5,1712.00
15580,1,5,1902.00
15579,1,5,2568.00
15578,1,5,2289.00
15577,1,5,5628.00
15576,1,5,1002.40
15575,1,5,16590.00
15574,1,5,3164.00
15559,1,5,353.00
15552,1,5,123.93
15551,1,5,368.46
15548,1,5,66.15
15526,1,5,176.96
15525,1,5,353.50
15514,1,5,822.00
15511,1,5,511.00
15510,1,5,192.50
15509,1,5,11782.85
15506,1,5,95.85
15505,1,5,116.80
15504,1,5,1170.30
15503,1,5,88.14
15502,1,5,2385.00
15501,1,5,648.00
15500,1,5,205.20
15499,1,5,543.66
15498,1,5,329.46
15497,1,5,321.00
15496,1,5,124.00
15495,1,5,264.42
15494,1,5,597.87
15493,1,5,4313.96
15492,1,5,46.00
15491,1,5,170.00
15490,1,5,857.52
15489,1,5,12630.15
15487,1,5,540.60
15486,1,5,30.12
15485,1,5,15.44
15484,1,5,32.30
15483,1,5,102.72
15482,1,5,65.80
15475,1,5,59.65
15474,1,5,125.50
15473,1,5,7350.00
15472,1,5,7980.00
15471,1,5,2568.00
15470,1,5,2568.00
15469,1,5,2361.00
15468,1,5,2289.00
15465,1,5,1034.00
15464,1,5,1346.00
15463,1,5,111.92
15462,1,5,256.25
15460,1,5,162.54
15459,1,5,40.71
15456,1,5,75.20
15455,1,5,106.50
15454,1,5,1204.74
15453,1,5,214.62
15452,1,5,469.09
15448,1,5,50.93
15447,1,5,192.60
15425,1,5,348.00
15424,1,5,214.40
15423,1,5,1929.60
15422,1,5,1502.40
15421,1,5,84.40
15420,1,5,263.64
15419,1,5,53.75
15416,1,5,45.50
15415,1,5,153.00
15414,1,5,103.55
15413,1,5,2087.40
15412,1,5,828.00
15411,1,5,1602.00
15409,1,5,800.00
15407,1,5,400.50
15405,1,5,3612.51
15404,1,5,291.90
15402,1,5,3604.50
15401,1,5,961.20
15400,1,5,441.70
15399,1,5,8.01
15381,1,5,138.00
15379,1,5,510.00
15378,1,5,426.70
15377,1,5,61.20
15374,1,5,738.00
15373,1,5,1600.60
15372,1,5,656.00
15370,1,5,584.00
15369,1,5,336.00
15367,1,5,615.56
15366,1,5,1381.25
15364,1,5,116.10
15362,1,5,535.35
15361,1,5,2390.40
15360,1,5,149.76
15357,1,5,161.50
15355,1,5,93.10
15354,1,5,156.30
15353,1,5,12.96
15352,1,5,73.50
15351,1,5,434.52
15350,1,5,444.85
15347,1,5,456.00
15315,1,5,617.00
15309,1,5,53.00
15306,1,5,23.86
15305,1,5,35.14
15304,1,5,154.40
15303,1,5,329.46
15300,1,5,119.60
15298,1,5,442.00
15297,1,5,75.30
15295,1,5,646.60
15293,1,5,742.00
15292,1,5,246.00
15291,1,5,383.00
15290,1,5,1209.60
15288,1,5,1612.00
15287,1,5,4060.00
15285,1,5,53.00
15279,1,5,2894.40
15278,1,5,8532.00
15277,1,5,4410.00
15276,1,5,3990.00
15275,1,5,4600.00
15274,1,5,1902.00
15273,1,5,1526.00
15269,1,5,53.00
15266,1,5,5214.51
15265,1,5,1216.00
15264,1,5,2535.00
15263,1,5,1404.00
15262,1,5,102.60
15261,1,5,277.16
15252,1,5,822.00
15251,1,5,215.00
15250,1,5,960.00
15235,1,5,37.60
15234,1,5,85.20
15233,1,5,30.66
15232,1,5,157.14
15226,1,5,77.20
15225,1,5,161.50
15222,1,5,774.00
15221,1,5,2418.00
15220,1,5,4060.00
15215,1,5,511.00
15214,1,5,385.00
15213,1,5,1346.00
15212,1,5,430.00
15211,1,5,496.00
15210,1,5,50.00
15208,1,5,73.50
15207,1,5,408.00
15205,1,5,238.60
15204,1,5,507.02
15203,1,5,231.60
15202,1,5,484.50
15179,1,5,584.00
15175,1,5,154.80
15173,1,5,10.60
15172,1,5,153.30
15171,1,5,873.00
15168,1,5,106.00
15161,1,5,278.08
15160,1,5,555.50
15159,1,5,420.48
15158,1,5,161.25
15157,1,5,18.80
15155,1,5,106.50
15154,1,5,720.00
15152,1,5,108.13
15151,1,5,1419.60
15150,1,5,16.89
15144,1,5,1542.00
15141,1,5,2957.71
15140,1,5,437.25
15139,1,5,691.20
15138,1,5,8661.40
15137,1,5,1364.00
15136,1,5,71.58
15135,1,5,150.60
15134,1,5,4291.20
15133,1,5,372.00
15132,1,5,1188.16
15131,1,5,113.00
15129,1,5,7.35
15128,1,5,106.50
15126,1,5,13.77
15125,1,5,48.06
15124,1,5,756.48
15123,1,5,2265.50
15122,1,5,8.52
15121,1,5,360.45
15120,1,5,150.40
15119,1,5,769.50
15115,1,5,45.50
15107,1,5,4410.00
15106,1,5,6650.00
15105,1,5,8680.00
15104,1,5,1050.00
15103,1,5,1902.00
15102,1,5,2568.00
15096,1,5,267.90
15095,1,5,3296.40
15094,1,5,1575.20
15089,1,5,744.00
15088,1,5,9717.00
15087,1,5,4972.00
15086,1,5,22.00
15085,1,5,68.60
15084,1,5,450.24
15083,1,5,1376.20
15082,1,5,3.24
15079,1,5,1034.00
15077,1,5,292.00
15076,1,5,48.64
15075,1,5,101.40
15073,1,5,208.40
15072,1,5,17.28
15071,1,5,73.50
15070,1,5,408.51
15069,1,5,14.35
15067,1,5,268.20
15066,1,5,3.24
15064,1,5,372.40
15063,1,5,68.85
15062,1,5,200.25
15057,1,5,214.40
15056,1,5,1502.40
15049,1,5,238.56
15023,1,5,202.56
15022,1,5,618.54
15021,1,5,129.00
15020,1,5,102.00
15019,1,5,109.00
15018,1,5,1.47
15017,1,5,1201.50
15016,1,5,400.00
15015,1,5,486.50
15014,1,5,640.80
15013,1,5,637.31
15011,1,5,15.06
15010,1,5,46.32
15009,1,5,96.90
15008,1,5,123.93
15007,1,5,368.46
15005,1,5,128.80
15004,1,5,476.00
15001,1,5,1494.60
15000,1,5,2.96
14998,1,5,2.15
14996,1,5,5488.00
14995,1,5,3444.00
14994,1,5,1034.00
14993,1,5,4023.03
14987,1,5,1000.00
14986,1,5,3000.00
14985,1,5,101400.00
14984,1,5,28280.00
14983,1,5,82200.00
14982,1,5,33780.00
14981,1,5,30660.00
14979,1,5,1.47
14978,1,5,1.33
14970,1,5,1161.00
14969,1,5,48500.00
14968,1,5,23660.00
14967,1,5,27660.00
14966,1,5,6420.00
14965,1,5,0.59
14964,1,5,0.50
14963,1,5,1167988.32
14962,1,5,495995.04
14961,1,5,1507984.92
14960,1,5,638993.61
14959,1,5,454995.45
14958,1,5,110100.00
14957,1,5,1288987.11
14956,1,5,497995.02
14955,1,5,527994.72
14954,1,5,1468985.31
14953,1,5,656993.43
14952,1,5,336.00
14951,1,5,934.00
14950,1,5,356.04
14948,1,5,422.40
14945,1,5,1265.00
14944,1,5,48.50
14941,1,5,1696.00
14940,1,5,6090.00
14936,1,5,720.30
14931,1,5,511.00
14921,1,5,6900.00
14920,1,5,2361.00
14919,1,5,4.26
14918,1,5,13.77
14909,1,5,1034.00
14908,1,5,1112.00
14901,1,5,186.20
14878,1,5,74.48
14877,1,5,3990.00
14876,1,5,4340.00
14875,1,5,2853.00
14874,1,5,1526.00
14851,1,5,35.04
14850,1,5,402.00
14849,1,5,1228.75
14848,1,5,1216.00
14847,1,5,2535.00
14846,1,5,47.00
14844,1,5,213.00
14841,1,5,107.31
14840,1,5,383.00
14839,1,5,1209.60
14837,1,5,108.13
14816,1,5,174.66
14815,1,5,73.50
14812,1,5,408.51
14811,1,5,50.70
14810,1,5,16.89
14809,1,5,47.32
14808,1,5,106.70
14807,1,5,153.30
14806,1,5,4410.00
14805,1,5,3990.00
14804,1,5,4600.00
14803,1,5,1712.00
14802,1,5,1902.00
14801,1,5,4280.00
14800,1,5,3815.00
14795,1,5,1644.00
14794,1,5,1346.00
14792,1,5,678.40
14791,1,5,3045.00
14780,1,5,111.92
14779,1,5,256.25
14778,1,5,75.20
14775,1,5,33.74
14774,1,5,413.60
14773,1,5,70.08
14772,1,5,448.20
14771,1,5,21.60
14770,1,5,73.50
14769,1,5,408.00
14768,1,5,20.28
14753,1,5,3472.00
14752,1,5,198.75
14751,1,5,745.20
14749,1,5,10166.35
14748,1,5,620.00
14747,1,5,661.50
14745,1,5,116.10
14742,1,5,992.00
14739,1,5,124.80
14735,1,5,357.60
14734,1,5,383.00
14733,1,5,1209.60
14731,1,5,774.00
14726,1,5,912.00
14724,1,5,100.80
14723,1,5,280.20
14720,1,5,323.70
14717,1,5,2041.20
14716,1,5,36.00
14712,1,5,1389.00
14711,1,5,11.93
14710,1,5,35.14
14709,1,5,2616.30
14708,1,5,7577.46
14707,1,5,101.34
14706,1,5,44.94
14704,1,5,72.96
14703,1,5,152.10
14699,1,5,154.40
14698,1,5,329.46
14697,1,5,192.60
14696,1,5,714.40
14695,1,5,4261.20
14694,1,5,930.80
14693,1,5,1984.00
14692,1,5,12561.00
14691,1,5,2938.00
14686,1,5,60.30
14681,1,5,595.35
14680,1,5,3252.06
14678,1,5,360.60
14677,1,5,193.80
14676,1,5,322.20
14675,1,5,259.78
14674,1,5,15.44
14673,1,5,32.30
14672,1,5,769.00
14660,1,5,23.66
14659,1,5,48.50
14658,1,5,453.84
14656,1,5,135.60
14655,1,5,54.50
14654,1,5,859.95
14653,1,5,1682.10
14652,1,5,400.00
14650,1,5,1810.26
14649,1,5,801.00
14642,1,5,213.00
14639,1,5,210.24
14638,1,5,330.00
14637,1,5,1017.07
14632,1,5,572.00
14624,1,5,202.56
14623,1,5,618.54
14622,1,5,129.00
14621,1,5,81.60
14620,1,5,109.00
14619,1,5,73.50
14618,1,5,400.00
14617,1,5,389.20
14616,1,5,637.31
14615,1,5,12.14
14614,1,5,336.00
14613,1,5,934.00
14611,1,5,46.00
14610,1,5,170.00
14607,1,5,540.60
14603,1,5,75.20
14600,1,5,389.50
14599,1,5,383.00
14598,1,5,1209.60
14597,1,5,2030.00
14596,1,5,678.40
14573,1,5,1712.00
14572,1,5,2940.00
14571,1,5,5320.00
14570,1,5,450.00
14569,1,5,787.00
14568,1,5,335.76
14567,1,5,750.00
14566,1,5,376.00
14563,1,5,238.60
14562,1,5,507.02
14559,1,5,1090.00
14558,1,5,2785.56
14557,1,5,18.62
14553,1,5,337.68
14552,1,5,1032.15
14546,1,5,8560.00
14543,1,5,178.80
14537,1,5,153.60
14536,1,5,168.63
14535,1,5,960.30
14534,1,5,4.54
14533,1,5,460.00
14532,1,5,1034.00
14531,1,5,1112.00
14529,1,5,969.60
14528,1,5,446.40
14527,1,5,316.00
14526,1,5,135.60
14523,1,5,5.02
14521,1,5,204.82
14520,1,5,101.34
14499,1,5,243.60
14497,1,5,1644.00
14496,1,5,2412.00
14495,1,5,24.66
14494,1,5,291.90
14493,1,5,24.03
14492,1,5,55.86
14490,1,5,1542.00
14489,1,5,37.60
14484,1,5,74.08
14482,1,5,395.60
14480,1,5,1462.00
14479,1,5,376.50
14478,1,5,410.00
14477,1,5,820.00
14476,1,5,1908.00
14475,1,5,2660.60
14469,1,5,291.90
14457,1,5,645.00
14456,1,5,2880.00
14455,1,5,1542.00
14451,1,5,232.00
14450,1,5,134.00
14449,1,5,614.40
14448,1,5,1608.00
14447,1,5,939.00
14446,1,5,134.96
14445,1,5,413.60
14444,1,5,38.64
14441,1,5,90.08
14440,1,5,298.00
14439,1,5,125.00
14437,1,5,43.60
14433,1,5,55.86
14432,1,5,405.60
14431,1,5,135.12
14429,1,5,103.40
14428,1,5,10.90
14427,1,5,73.50
14424,1,5,298.25
14423,1,5,627.50
14422,1,5,308.80
14421,1,5,587.86
14420,1,5,137.70
14419,1,5,408.51
14414,1,5,511.00
14412,1,5,77.40
14410,1,5,17.28
14409,1,5,343.58
14405,1,5,74.48
14404,1,5,2100.00
14393,1,5,142.35
14378,1,5,822.00
14376,1,5,319.50
14373,1,5,17.82
14372,1,5,55.40
14370,1,5,19.26
14354,1,5,7350.00
14353,1,5,6650.00
14352,1,5,1902.00
14351,1,5,1712.00
14350,1,5,3935.00
14349,1,5,4578.00
14348,1,5,537.00
14347,1,5,1216.00
14346,1,5,2535.00
14345,1,5,58.76
14344,1,5,127.80
14340,1,5,11.93
14339,1,5,35.14
14338,1,5,15.44
14337,1,5,32.30
14335,1,5,91.00
14334,1,5,625.10
14333,1,5,4824.00
14332,1,5,1074.00
14331,1,5,1736.00
14330,1,5,14220.00
14329,1,5,3390.00
14328,1,5,410.00
14327,1,5,103.40
14326,1,5,175.20
14325,1,5,336.50
14317,1,5,9.40
14316,1,5,7.35
14310,1,5,58.98
14309,1,5,13.77
14308,1,5,40.05
14299,1,5,303.36
14298,1,5,606.00
14297,1,5,1573.25
14296,1,5,298.92
14295,1,5,4610.10
14294,1,5,932.48
14291,1,5,511.00
14290,1,5,385.00
14287,1,5,227.20
14284,1,5,10.60
14271,1,5,108.13
14251,1,5,822.00
14250,1,5,556.00
14249,1,5,292.00
14248,1,5,673.00
14246,1,5,801.00
14242,1,5,339.00
14240,1,5,202.56
14239,1,5,618.54
14238,1,5,337.40
14237,1,5,1551.00
14236,1,5,129.00
14234,1,5,59.95
14233,1,5,1006.95
14232,1,5,2002.50
14230,1,5,3252.06
14229,1,5,240.30
14225,1,5,8820.00
14224,1,5,3990.00
14223,1,5,8680.00
14222,1,5,685.00
14221,1,5,56.40
14220,1,5,97.92
14219,1,5,106.50
14213,1,5,101.40
14212,1,5,33.78
14183,1,5,2313.00
14167,1,5,348.00
14166,1,5,348.40
14165,1,5,3609.60
14164,1,5,372.00
14163,1,5,1185.00
14162,1,5,113.00
14161,1,5,298.25
14160,1,5,632.52
14159,1,5,308.80
14158,1,5,646.00
14156,1,5,2412.00
14155,1,5,1502.40
14154,1,5,134.40
14152,1,5,156.30
14151,1,5,430.50
14150,1,5,259.78
14147,1,5,418.08
14146,1,5,1277.90
14145,1,5,402.50
14144,1,5,3990.00
14143,1,5,6900.00
14142,1,5,1902.00
14141,1,5,1712.00
14140,1,5,1526.00
14125,1,5,211.60
14123,1,5,782.00
14122,1,5,702.80
14119,1,5,328.00
14118,1,5,820.00
14116,1,5,1388.60
14114,1,5,1060.00
14113,1,5,1148.00
14112,1,5,822.00
14110,1,5,73.50
14107,1,5,408.51
14106,1,5,9.09
14075,1,5,337.40
14074,1,5,1034.00
14062,1,5,336.00
14061,1,5,934.00
14060,1,5,72.96
14059,1,5,152.10
14058,1,5,378.00
14054,1,5,372.40
14052,1,5,912.00
14051,1,5,4.77
14045,1,5,4020.00
14044,1,5,1432.00
14043,1,5,11850.00
14042,1,5,4520.00
14040,1,5,1134.00
14039,1,5,1480.00
14032,1,5,215.00
14029,1,5,216.00
14016,1,5,67.56
14015,1,5,201.15
14013,1,5,193.50
14012,1,5,43.60
14010,1,5,301.35
14009,1,5,564.57
14008,1,5,1650.06
14006,1,5,384.00
14005,1,5,7.29
14004,1,5,1627.50
14003,1,5,228.48
14002,1,5,324.00
14001,1,5,3292.80
14000,1,5,1089.76
13999,1,5,865.76
13998,1,5,1731.52
13997,1,5,3463.04
13996,1,5,9531.09
13995,1,5,1731.52
13994,1,5,4768.85
13993,1,5,47.00
13991,1,5,251.00
13989,1,5,10.90
13984,1,5,828.20
13982,1,5,23.15
13976,1,5,23.36
13975,1,5,74.70
13970,1,5,178.80
13969,1,5,55.86
13963,1,5,408.00
13959,1,5,201.48
13957,1,5,2853.00
13956,1,5,5880.00
13955,1,5,2568.00
13954,1,5,2361.00
13953,1,5,1907.50
13952,1,5,227.52
13951,1,5,454.50
13949,1,5,81.76
13948,1,5,174.15
13947,1,5,99.60
13946,1,5,100.50
13944,1,5,17.28
13943,1,5,329.46
13942,1,5,335.20
13940,1,5,148.96
13915,1,5,178.80
13912,1,5,1216.00
13911,1,5,2535.00
13906,1,5,202.56
13905,1,5,618.54
13903,1,5,77.40
13901,1,5,10.60
13900,1,5,129.00
13885,1,5,72.90
13884,1,5,153.30
13883,1,5,873.00
13882,1,5,124.80
13878,1,5,113.60
13869,1,5,505.00
13868,1,5,2916.00
13867,1,5,7850.00
13866,1,5,108.50
13865,1,5,2227.59
13863,1,5,648.00
13862,1,5,127.80
13859,1,5,411.00
13854,1,5,418.08
13853,1,5,1277.90
13851,1,5,151.47
13850,1,5,448.56
13848,1,5,613.20
13846,1,5,383.00
13845,1,5,1209.60
13831,1,5,814.00
13830,1,5,1180.50
13829,1,5,4410.00
13828,1,5,4322.50
13827,1,5,4600.00
13826,1,5,4340.00
13825,1,5,2377.50
13824,1,5,2054.40
13813,1,5,511.00
13812,1,5,770.00
13804,1,5,328.00
13803,1,5,656.00
13801,1,5,1070.60
13800,1,5,656.00
13798,1,5,340.00
13797,1,5,502.00
13795,1,5,92.00
13794,1,5,843.50
13793,1,5,1034.00
13792,1,5,231.84
13791,1,5,750.00
13790,1,5,72.96
13789,1,5,152.10
13786,1,5,93.10
13785,1,5,209.10
13776,1,5,88.20
13769,1,5,15.06
13768,1,5,165.24
13767,1,5,488.61
13766,1,5,775.50
13765,1,5,834.00
13764,1,5,622.08
13763,1,5,61.20
13762,1,5,76.30
13761,1,5,169.05
13760,1,5,291.90
13759,1,5,360.45
13758,1,5,560.70
13757,1,5,448.01
13756,1,5,1863.00
13755,1,5,699.00
13754,1,5,491.50
13752,1,5,7072.85
13749,1,5,53.00
13748,1,5,1917.00
13739,1,5,1085.00
13738,1,5,50.88
13735,1,5,37.60
13733,1,5,248.40
13730,1,5,3181.35
13729,1,5,158.72
13727,1,5,440.34
13720,1,5,1695.00
13714,1,5,1944.00
13713,1,5,24.00
13711,1,5,926.00
13710,1,5,2478.60
13709,1,5,7217.01
13697,1,5,383.60
13696,1,5,576.00
13695,1,5,677.04
13694,1,5,101.22
13693,1,5,310.20
13692,1,5,123.86
13691,1,5,402.30
13690,1,5,3.87
13688,1,5,189.60
13687,1,5,203.40
13679,1,5,253.50
13678,1,5,84.45
13675,1,5,45.50
13674,1,5,848.00
13671,1,5,101.22
13670,1,5,310.20
13659,1,5,209.10
13658,1,5,26.80
13656,1,5,18.62
13648,1,5,3555.00
13647,1,5,7350.00
13646,1,5,6650.00
13645,1,5,4600.00
13644,1,5,4340.00
13643,1,5,856.00
13642,1,5,1712.00
13641,1,5,10.54
13640,1,5,1966.00
13638,1,5,6287.85
13636,1,5,106.00
13635,1,5,1704.00
13632,1,5,912.00
13629,1,5,21.80
13626,1,5,23.15
13624,1,5,1286.25
13623,1,5,258.50
13622,1,5,121.60
13621,1,5,253.50
13620,1,5,45.78
13619,1,5,37.60
13618,1,5,81.60
13617,1,5,103.55
13616,1,5,970.20
13615,1,5,194.60
13614,1,5,1610.01
13613,1,5,800.00
13611,1,5,389.20
13610,1,5,2883.60
13609,1,5,283.95
13607,1,5,254.04
13604,1,5,378.00
13603,1,5,1184.00
13600,1,5,108.00
13599,1,5,1742.00
13598,1,5,5488.00
13597,1,5,2409.00
13596,1,5,4444.34
13594,1,5,517.00
13583,1,5,411.00
13578,1,5,383.00
13577,1,5,1209.60
13571,1,5,116.00
13570,1,5,77.72
13569,1,5,804.00
13568,1,5,262.92
13566,1,5,168.70
13565,1,5,517.00
13564,1,5,181.87
13563,1,5,412.50
13562,1,5,223.72
13561,1,5,4.26
13558,1,5,11.93
13557,1,5,5.02
13556,1,5,55.86
13550,1,5,227.52
13549,1,5,454.50
13546,1,5,648.00
13541,1,5,357.60
13539,1,5,511.00
13538,1,5,770.00
13536,1,5,166.67
13535,1,5,387.24
13534,1,5,308.80
13533,1,5,652.46
13514,1,5,372.40
13509,1,5,517.00
13508,1,5,67.52
13507,1,5,212.94
13505,1,5,43.00
13503,1,5,58.80
13501,1,5,340.80
13500,1,5,383.00
13499,1,5,1209.60
13498,1,5,110.16
13497,1,5,328.41
13495,1,5,2412.00
13494,1,5,2940.00
13493,1,5,690.00
13492,1,5,1902.00
13491,1,5,1574.00
13490,1,5,1526.00
13475,1,5,460.00
13473,1,5,23.64
13472,1,5,153.60
13467,1,5,116.00
13466,1,5,804.00
13465,1,5,173.20
13461,1,5,856.25
13458,1,5,336.00
13457,1,5,934.00
13456,1,5,10.90
13453,1,5,4.38
13435,1,5,209.85
13434,1,5,475.00
13433,1,5,1464.75
13431,1,5,60.30
13429,1,5,39.75
13426,1,5,774.00
13425,1,5,139.20
13423,1,5,460.80
13421,1,5,964.80
13420,1,5,517.00
13419,1,5,556.00
13418,1,5,292.00
13417,1,5,673.00
13416,1,5,16.88
13415,1,5,50.70
13414,1,5,72.96
13413,1,5,152.10
13410,1,5,654.00
13409,1,5,10.75
13406,1,5,38.88
13405,1,5,762.58
13403,1,5,308.80
13402,1,5,652.46
13400,1,5,186.20
13365,1,5,4060.00
13360,1,5,33.20
13359,1,5,4720.00
13358,1,5,4700.00
13352,1,5,756.00
13351,1,5,888.00
13349,1,5,1075.00
13345,1,5,108.00
13310,1,5,141.00
13308,1,5,328.32
13307,1,5,4292.60
13306,1,5,124.00
13305,1,5,360.60
13304,1,5,193.80
13303,1,5,332.94
13302,1,5,251.40
13301,1,5,511.00
13300,1,5,1216.00
13299,1,5,2535.00
13298,1,5,3.24
13296,1,5,9.09
13295,1,5,447.68
13294,1,5,1006.25
13293,1,5,143.16
13292,1,5,301.20
13287,1,5,801.00
13284,1,5,150.40
13283,1,5,769.50
13281,1,5,102.24
13273,1,5,114.08
13263,1,5,421.60
13262,1,5,602.40
13260,1,5,360.80
13259,1,5,459.20
13256,1,5,1314.40
13255,1,5,1156.20
13252,1,5,18.80
13251,1,5,73.50
13250,1,5,408.00
13242,1,5,49.15
13238,1,5,74.48
13236,1,5,2313.00
13221,1,5,136.35
13215,1,5,7350.00
13214,1,5,6650.00
13213,1,5,1712.00
13212,1,5,1902.00
13211,1,5,2568.00
13210,1,5,2361.00
13201,1,5,180.78
13200,1,5,63.21
13198,1,5,1199.91
13197,1,5,425.46
13196,1,5,29.40
13192,1,5,96.60
13190,1,5,746.00
13189,1,5,312.50
13187,1,5,958.00
13183,1,5,89.64
13182,1,5,102.83
13180,1,5,693.00
13177,1,5,370.11
13174,1,5,858.00
13159,1,5,279.80
13158,1,5,631.25
13157,1,5,59.00
13145,1,5,178.80
13136,1,5,617.00
13134,1,5,9.96
13132,1,5,360.45
13131,1,5,227.52
13130,1,5,454.50
13128,1,5,21.60
13127,1,5,63.90
13126,1,5,73.50
13125,1,5,408.51
13124,1,5,400.50
13123,1,5,73.50
13122,1,5,408.51
13084,1,5,2260.00
13083,1,5,4740.00
13082,1,5,1902.00
13081,1,5,5880.00
13080,1,5,1712.00
13079,1,5,1526.00
13074,1,5,360.45
13073,1,5,57.23
13071,1,5,643.20
13070,1,5,1966.00
13069,1,5,474.24
13068,1,5,1352.18
13065,1,5,109.00
13063,1,5,27.78
13061,1,5,1221.80
13059,1,5,1526.40
13058,1,5,106.00
13057,1,5,328.00
13055,1,5,141.68
13053,1,5,523.60
13052,1,5,471.88
13045,1,5,411.00
13033,1,5,511.00
13032,1,5,385.00
13031,1,5,4042.71
13030,1,5,179.67
13029,1,5,853.20
13028,1,5,11836.40
13027,1,5,560.48
13026,1,5,2190.00
13025,1,5,109.00
13024,1,5,637.31
13023,1,5,15.06
13019,1,5,8309.86
13018,1,5,2180.00
13017,1,5,20.90
13016,1,5,22.20
13015,1,5,1624.35
13014,1,5,2219.40
13013,1,5,1479.60
13011,1,5,1849.50
13010,1,5,1857.72
13009,1,5,129.40
13003,1,5,1216.00
13002,1,5,2535.00
13001,1,5,134.40
12998,1,5,402.50
12997,1,5,3052.00
12975,1,5,107.20
12974,1,5,751.20
12970,1,5,400.50
12968,1,5,37.60
12964,1,5,517.00
12963,1,5,556.00
12962,1,5,364.50
12961,1,5,1577.85
12960,1,5,397.50
12959,1,5,230.00
12949,1,5,407.00
12948,1,5,393.50
12947,1,5,7980.00
12946,1,5,67.20
12945,1,5,186.80
12944,1,5,21.64
12942,1,5,14.80
12940,1,5,147.00
12939,1,5,852.00
12938,1,5,168.00
12937,1,5,467.00
12936,1,5,101.28
12935,1,5,314.34
12932,1,5,64.50
12931,1,5,184.00
12930,1,5,680.00
12929,1,5,306.60
12928,1,5,1746.00
12927,1,5,8.52
12926,1,5,1060.00
12925,1,5,1070.60
12924,1,5,5.91
12923,1,5,72.96
12922,1,5,152.10
12917,1,5,82.08
12916,1,5,223.86
12914,1,5,186.20
12913,1,5,499.20
12912,1,5,1352.18
12908,1,5,418.00
12907,1,5,402.00
12906,1,5,976.00
12905,1,5,899.00
12904,1,5,2277.00
12884,1,5,2260.00
12883,1,5,2412.00
12882,1,5,716.00
12881,1,5,7110.00
12860,1,5,384.00
12859,1,5,149.50
12857,1,5,49.20
12831,1,5,731.58
12830,1,5,1006.50
12821,1,5,7135.38
12820,1,5,5320.00
12819,1,5,9.51
12818,1,5,1712.00
12817,1,5,1574.00
12816,1,5,1526.00
12806,1,5,91.98
12805,1,5,523.80
12803,1,5,21.64
12801,1,5,11.84
12800,1,5,613.20
12799,1,5,3492.00
12795,1,5,1177.12
12794,1,5,69.60
12793,1,5,80.40
12792,1,5,482.40
12791,1,5,1878.00
12790,1,5,617.00
12787,1,5,102.60
12786,1,5,277.16
12785,1,5,469.00
12784,1,5,1093.50
12782,1,5,7857.85
12781,1,5,101.28
12780,1,5,314.34
12775,1,5,64.50
12774,1,5,108.50
12773,1,5,1828.50
12772,1,5,21.60
12771,1,5,42.60
12744,1,5,9760.00
12743,1,5,30200.00
12740,1,5,267.54
12738,1,5,173.30
12737,1,5,520.00
12736,1,5,530.00
12735,1,5,571.00
12733,1,5,142.80
12732,1,5,525.00
12731,1,5,396.00
12729,1,5,298.50
12727,1,5,315.20
12725,1,5,567.36
12722,1,5,9.50
12721,1,5,1700.64
12720,1,5,691.00
12719,1,5,172.44
12718,1,5,391.01
12716,1,5,67.66
12715,1,5,154.40
12714,1,5,75.00
12713,1,5,419.22
12709,1,5,363.09
12696,1,5,181.58
12695,1,5,381.50
12691,1,5,137.90
12690,1,5,210.70
12689,1,5,558.45
12687,1,5,366.80
12686,1,5,413.35
12685,1,5,1050.00
12684,1,5,920.00
12683,1,5,956.00
12682,1,5,1758.00
12678,1,5,499.20
12677,1,5,1040.00
12665,1,5,1333.92
12663,1,5,393.25
12662,1,5,1241.10
12661,1,5,59.50
12660,1,5,82.50
12659,1,5,412.75
12658,1,5,578.40
12657,1,5,142.80
12656,1,5,330.00
12636,1,5,1510.00
12630,1,5,11750.00
12629,1,5,1952.00
12628,1,5,2637.00
12623,1,5,351.12
12622,1,5,1018.81
12621,1,5,3192.00
12619,1,5,935.20
12618,1,5,2805.60
12617,1,5,9360.35
12616,1,5,1870.40
12608,1,5,288.00
12607,1,5,410.50
12606,1,5,369.90
12605,1,5,411.00
12604,1,5,2.25
12603,1,5,141.40
12602,1,5,386.34
