rank,customer_id,customer_name,legacy_style_no_raw,prefix_code,matched_product_id,matched_product_code,matched_product_name,matched_spec,source_item_count,source_order_count,source_quantity_sum,source_amount_sum,suggested_action,review_status,review_decision,approved_product_id,reviewed_by,reviewed_at,review_note
1,5,苏州天华超净科技股份有限公司,21311002 / Ancltek外箱26*45THB10,21311002,158,21311002,Ancltek外箱26*45THB10,1175×680×135mm,55,55,124997,1800261.05,approve_prefix_match,approved,approve_prefix_match,158,俊琪,2026-06-19 15:30:00,编码一致，名称规格基本一致，批准匹配
2,5,苏州天华超净科技股份有限公司,21311018 / 中性外箱26*45THB10,21311018,52,21311018,中性外箱26*45THB10,1170×680×135mm,30,30,104842,1573239.81,approve_prefix_match,approved,approve_prefix_match,52,俊琪,2026-06-19 15:30:00,编码一致，名称规格基本一致，批准匹配
3,5,苏州天华超净科技股份有限公司,21301012 / Ancltek外箱24*36THH10,21301012,43,21301012,Ancltek外箱24*36THH10,935×615×160mm,9,9,110261,1394255.89,approve_prefix_match,approved,approve_prefix_match,43,俊琪,2026-06-19 15:30:00,编码一致，名称规格基本一致，批准匹配
4,5,苏州天华超净科技股份有限公司,21311001 / Ancltek内箱26*45THB10,21311001,154,21311001,Ancltek内箱26*45THB10,1155×668×18mm,59,59,223828,1373532.28,approve_prefix_match,approved,approve_prefix_match,154,俊琪,2026-06-19 15:30:00,编码一致，名称规格基本一致，批准匹配
5,5,苏州天华超净科技股份有限公司,21311020 / 中性外箱24*36THB10,21311020,41,21311020,中性外箱24*36THB10,935×625×135mm,41,41,104261,1215745.88,approve_prefix_match,approved,approve_prefix_match,41,俊琪,2026-06-19 15:30:00,编码一致，名称规格基本一致，批准匹配
6,5,苏州天华超净科技股份有限公司,22000022 / 202PU鞋盒,22000022,187,22000022,202PU鞋盒,285×130×11mm,132,132,898505,1160601.19,approve_prefix_match,approved,approve_prefix_match,187,俊琪,2026-06-19 15:30:00,编码一致，名称规格基本一致，批准匹配
7,5,苏州天华超净科技股份有限公司,22000023 / 203PU鞋盒,22000023,147,22000023,203PU鞋盒,315×140×115mm,139,139,797538,1143335.63,approve_prefix_match,approved,approve_prefix_match,147,俊琪,2026-06-19 15:30:00,编码一致，名称规格基本一致，批准匹配
8,5,苏州天华超净科技股份有限公司,22000104 / 102Ncanmax安全鞋盒,22000104,160,22000104,102Ncanmax安全鞋盒,315×200×120mm,84,84,438422,1007324.49,approve_prefix_match,approved,approve_prefix_match,160,俊琪,2026-06-19 15:30:00,编码一致，名称规格基本一致，批准匹配
9,5,苏州天华超净科技股份有限公司,21311017 / 中性内箱26*45THB10,21311017,188,21311017,中性内箱26*45THB10,1158×671×18mm,34,34,125529,786648.16,approve_prefix_match,approved,approve_prefix_match,188,俊琪,2026-06-19 15:30:00,编码一致，名称规格基本一致，批准匹配
10,5,苏州天华超净科技股份有限公司,22000005 / 102A外箱,22000005,21,22000005,102A外箱,645×410×324mm,127,127,104634,772094.54,approve_prefix_match,approved,approve_prefix_match,21,俊琪,2026-06-19 15:30:00,编码一致，名称规格基本一致，批准匹配
11,5,苏州天华超净科技股份有限公司,22000019 / 102 安全鞋盒30.5*19.5*12,22000019,375,22000019,102 安全鞋盒30.5*19.5*12,305×195×120mm,77,77,363367,770957.06,approve_prefix_match,approved,approve_prefix_match,375,俊琪,2026-06-19 15:30:00,编码一致，名称规格基本一致，批准匹配
12,5,苏州天华超净科技股份有限公司,21301797 / PD用中性内箱26*45,21301797,96,21301797,PD用中性内箱26*45,1150×665×20mm,136,136,114039,688737.41,approve_prefix_match,approved,approve_prefix_match,96,俊琪,2026-06-19 15:30:00,编码一致，名称规格基本一致，批准匹配
13,5,苏州天华超净科技股份有限公司,22000020 / 103安全鞋盒,22000020,20,22000020,103安全鞋盒,332×195×125mm,59,59,300800,669030.80,approve_prefix_match,approved,approve_prefix_match,20,俊琪,2026-06-19 15:30:00,编码一致，名称规格基本一致，批准匹配
14,5,苏州天华超净科技股份有限公司,21311003 / Ancltek内箱24*36THB10,21311003,155,21311003,Ancltek内箱24*36THB10,923×613×18mm,28,28,125046,628315.78,approve_prefix_match,approved,approve_prefix_match,155,俊琪,2026-06-19 15:30:00,编码一致，名称规格基本一致，批准匹配
15,5,苏州天华超净科技股份有限公司,21311019 / 中性内箱24*36THB10,21311019,156,21311019,中性内箱24*36THB10,923×613×18mm,83,83,120098,589952.68,approve_prefix_match,approved,approve_prefix_match,156,俊琪,2026-06-19 15:30:00,编码一致，名称规格基本一致，批准匹配
16,5,苏州天华超净科技股份有限公司,21301011 / Ancltek内箱24*36THH10,21301011,42,21301011,Ancltek内箱24*36THH10,916×602×27mm,10,10,111044,576866.97,approve_prefix_match,approved,approve_prefix_match,42,俊琪,2026-06-19 15:30:00,编码一致，名称规格基本一致，批准匹配
17,5,苏州天华超净科技股份有限公司,22000012 / 202A天华字样外箱,22000012,25,22000012,202A天华字样外箱,675×465×305mm,98,98,69087,571534.57,approve_prefix_match,approved,approve_prefix_match,25,俊琪,2026-06-19 15:30:00,编码一致，名称规格基本一致，批准匹配
18,5,苏州天华超净科技股份有限公司,22000006 / 103A外箱,22000006,22,22000006,103A外箱,645×410×350mm,93,93,68408,520470.40,approve_prefix_match,approved,approve_prefix_match,22,俊琪,2026-06-19 15:30:00,编码一致，名称规格基本一致，批准匹配
19,5,苏州天华超净科技股份有限公司,22000107 / 102Ncanmax安全鞋外箱,22000107,2,22000107,102Ncanmax安全鞋外箱,635×425×335mm,92,92,63282,490900.00,approve_prefix_match,approved,approve_prefix_match,2,俊琪,2026-06-19 15:30:00,编码一致，名称规格基本一致，批准匹配
20,5,苏州天华超净科技股份有限公司,22000008 / 202A外箱,22000008,271,22000008,202A外箱,675×465×305mm,85,85,56281,465396.53,approve_prefix_match,approved,approve_prefix_match,271,俊琪,2026-06-19 15:30:00,编码一致，名称规格基本一致，批准匹配
21,5,苏州天华超净科技股份有限公司,21301013 / Ancltek内箱18*45THH10,21301013,176,21301013,Ancltek内箱18*45THH10,1146×454×24mm,43,43,100717,458102.93,approve_prefix_match,approved,approve_prefix_match,176,俊琪,2026-06-19 15:30:00,编码一致，名称规格基本一致，批准匹配
22,5,苏州天华超净科技股份有限公司,22000009 / 203A外箱,22000009,23,22000009,203A外箱,725×485×330mm,86,85,46374,426167.66,approve_prefix_match,approved,approve_prefix_match,23,俊琪,2026-06-19 15:30:00,编码一致，名称规格基本一致，批准匹配
23,5,苏州天华超净科技股份有限公司,21311210  / 韩国MEC白底蓝字内盒600*900,21311210,427,21311210,韩国MEC白底蓝字内盒600*900,923×613×18mm,68,68,55215,402410.19,approve_prefix_match,approved,approve_prefix_match,427,俊琪,2026-06-19 15:30:00,编码一致，名称规格基本一致，批准匹配
24,5,苏州天华超净科技股份有限公司,21301093 / 白底黑字内箱24*36,21301093,59,21301093,白底黑字内箱24*36,935×620×25mm,295,295,49662,373485.39,approve_prefix_match,approved,approve_prefix_match,59,俊琪,2026-06-19 15:30:00,编码一致，名称规格基本一致，批准匹配
25,5,苏州天华超净科技股份有限公司,22000013 / 203A天华字样外箱,22000013,19,22000013,203A天华字样外箱,725×485×330mm,67,66,38092,349063.72,approve_prefix_match,approved,approve_prefix_match,19,俊琪,2026-06-19 15:30:00,编码一致，名称规格基本一致，批准匹配
26,5,苏州天华超净科技股份有限公司,21301090 / 白底蓝字内箱26*45,21301090,51,21301090,白底蓝字内箱26*45,1150×670×25mm,47,47,33270,314058.40,approve_prefix_match,approved,approve_prefix_match,51,俊琪,2026-06-19 15:30:00,编码一致，名称规格基本一致，批准匹配
27,5,苏州天华超净科技股份有限公司,21302001 / 满衬板58*83.5,21302001,91,21302001,满衬板58*83.5,835×580×mm,653,653,212207,284850.31,approve_prefix_match,approved,approve_prefix_match,91,俊琪,2026-06-19 15:30:00,编码一致，名称规格基本一致，批准匹配
28,5,苏州天华超净科技股份有限公司,21302058 / PD用满衬板26*45 64*112cm,21302058,221,21302058,PD用满衬板26*45 64*112cm,1120×640×mm,158,158,135571,273398.48,approve_prefix_match,approved,approve_prefix_match,221,俊琪,2026-06-19 15:30:00,编码一致，名称规格基本一致，批准匹配
29,5,苏州天华超净科技股份有限公司,21301854 / 白底黑字内箱24*36日文印刷蓝色打钩,21301854,143,21301854,白底黑字内箱24*36日文印刷蓝色打钩,935×620×25mm,122,122,34802,259637.91,approve_prefix_match,approved,approve_prefix_match,143,俊琪,2026-06-19 15:30:00,编码一致，名称规格基本一致，批准匹配
30,5,苏州天华超净科技股份有限公司,21302006 / 满衬板双瓦 58*83.5,21302006,103,21302006,满衬板双瓦 58*83.5,835×580×mm,532,532,118543,240848.49,approve_prefix_match,approved,approve_prefix_match,103,俊琪,2026-06-19 15:30:00,编码一致，名称规格基本一致，批准匹配
31,5,苏州天华超净科技股份有限公司,21301021 / 中性内箱26*45THH10,21301021,,,,,20,20,32437,224045.11,create_product_later,needs_check,create_product_later,,俊琪,2026-06-19 15:30:00,未找到对应正式产品，需后续补产品或人工确认
32,5,苏州天华超净科技股份有限公司,21311272 / 白底绿字抽屉式24*36,21311272,797,21311272,白底绿字抽屉式24*36,920×615×20mm,34,34,28797,219441.93,approve_prefix_match,approved,approve_prefix_match,797,俊琪,2026-06-19 15:30:00,编码一致，名称规格基本一致，批准匹配
33,5,苏州天华超净科技股份有限公司,21301022 / 中性外箱26*45THH10,21301022,32,21301022,中性外箱26*45THH10,1170×685×165mm,49,49,15226,212192.05,approve_prefix_match,approved,approve_prefix_match,32,俊琪,2026-06-19 15:30:00,编码一致，名称规格基本一致，批准匹配
34,5,苏州天华超净科技股份有限公司,22000103 / 101Ncanmax安全鞋盒,22000103,161,22000103,101Ncanmax安全鞋盒,295×190×115mm,27,27,84870,208585.00,approve_prefix_match,approved,approve_prefix_match,161,俊琪,2026-06-19 15:30:00,编码一致，名称规格基本一致，批准匹配
35,5,苏州天华超净科技股份有限公司,21301053 / 白底蓝字外箱26*45,21301053,44,21301053,白底蓝字外箱26*45,1170×685×185mm,41,41,12663,195892.39,approve_prefix_match,approved,approve_prefix_match,44,俊琪,2026-06-19 15:30:00,编码一致，名称规格基本一致，批准匹配
36,5,苏州天华超净科技股份有限公司,23201033 / 屏蔽袋纸箱48*38*12.5,23201033,256,23201033,屏蔽袋纸箱48*38*12.5,480×380×125mm,130,130,35790,186745.90,approve_prefix_match,approved,approve_prefix_match,256,俊琪,2026-06-19 15:30:00,编码一致，名称规格基本一致，批准匹配
37,5,苏州天华超净科技股份有限公司,23201028 / 屏蔽袋纸箱88*67*11,23201028,437,23201028,屏蔽袋纸箱88*67*11,880×670×110mm,150,150,12406,183630.68,approve_prefix_match,approved,approve_prefix_match,437,俊琪,2026-06-19 15:30:00,编码一致，名称规格基本一致，批准匹配
38,5,苏州天华超净科技股份有限公司,22000106 / 101N canmax安全鞋外箱,22000106,529,22000106,101N canmax安全鞋外箱,600×400×315mm,21,21,26420,179656.00,approve_prefix_match,approved,approve_prefix_match,529,俊琪,2026-06-19 15:30:00,编码一致，名称规格基本一致，批准匹配
39,5,苏州天华超净科技股份有限公司,21301864 / 白底黑字内箱60*90日文印刷蓝色打钩,21301864,346,21301864,白底黑字内箱60*90日文印刷蓝色打钩,935×620×25mm,108,108,22323,161206.34,approve_prefix_match,approved,approve_prefix_match,346,俊琪,2026-06-19 15:30:00,编码一致，名称规格基本一致，批准匹配
40,5,苏州天华超净科技股份有限公司,21308001 / 衬板80*20,21308001,37,21308001,衬板80*20,800×200×mm,72,72,435830,159698.59,approve_prefix_match,approved,approve_prefix_match,37,俊琪,2026-06-19 15:30:00,编码一致，名称规格基本一致，批准匹配
41,5,苏州天华超净科技股份有限公司,21301009 / Ancltek内箱26*45THH10,21301009,179,21301009,Ancltek内箱26*45THH10,1146×652×24mm,20,20,27166,158171.72,approve_prefix_match,approved,approve_prefix_match,179,俊琪,2026-06-19 15:30:00,编码一致，名称规格基本一致，批准匹配
42,5,苏州天华超净科技股份有限公司,21308002 / 衬板100*20,21308002,38,21308002,衬板100*20,1000×200×mm,160,160,371879,151772.02,approve_prefix_match,approved,approve_prefix_match,38,俊琪,2026-06-19 15:30:00,编码一致，名称规格基本一致，批准匹配
43,5,苏州天华超净科技股份有限公司,21301023 / 中性内箱24*36THH10,21301023,34,21301023,中性内箱24*36THH10,916×602×25mm,37,37,32671,151614.26,approve_prefix_match,approved,approve_prefix_match,34,俊琪,2026-06-19 15:30:00,编码一致，名称规格基本一致，批准匹配
44,5,苏州天华超净科技股份有限公司,21311004 / Ancltek外箱24*36THB10,21311004,40,21311004,Ancltek外箱24*36THB10,935×625×135mm,10,10,13496,148287.38,approve_prefix_match,approved,approve_prefix_match,40,俊琪,2026-06-19 15:30:00,编码一致，名称规格基本一致，批准匹配
45,5,苏州天华超净科技股份有限公司,21301054 / 白底蓝字内箱24*36,21301054,48,21301054,白底蓝字内箱24*36,935×620×25mm,88,88,18878,146740.01,approve_prefix_match,approved,approve_prefix_match,48,俊琪,2026-06-19 15:30:00,编码一致，名称规格基本一致，批准匹配
46,5,苏州天华超净科技股份有限公司,21301819 / 中性白底蓝字内盒MAX-6090BN,21301819,379,21301819,中性白底蓝字内盒 MAX-6090BN,910×610×23mm,22,22,18535,142189.34,approve_prefix_match,approved,approve_prefix_match,379,俊琪,2026-06-19 15:30:00,编码一致，名称规格基本一致，批准匹配
47,5,苏州天华超净科技股份有限公司,21311027 / 中性内箱24*36THB8,21311027,157,21311027,中性内箱24*36THB8,930×625×15mm,169,169,26721,137040.76,approve_prefix_match,approved,approve_prefix_match,157,俊琪,2026-06-19 15:30:00,编码一致，名称规格基本一致，批准匹配
48,5,苏州天华超净科技股份有限公司,22500092 / HONBEST 纸箱50.5*28.5*33.5,22500092,593,22500092,HONBEST 纸箱50.5*28.5*33.5,505×285×335mm,47,47,17000,132738.00,approve_prefix_match,approved,approve_prefix_match,593,俊琪,2026-06-19 15:30:00,编码一致，名称规格基本一致，批准匹配
49,5,苏州天华超净科技股份有限公司,21301094 / 白底黑字外箱24*36,21301094,60,21301094,白底黑字外箱24*36,955×635×185mm,289,289,10055,131413.90,approve_prefix_match,approved,approve_prefix_match,60,俊琪,2026-06-19 15:30:00,编码一致，名称规格基本一致，批准匹配
50,5,苏州天华超净科技股份有限公司,23201027 / 屏蔽袋纸箱 90*75*11,23201027,495,23201027,屏蔽袋纸箱 90*75*11,900×750×110mm,128,128,6844,126060.43,approve_prefix_match,approved,approve_prefix_match,495,俊琪,2026-06-19 15:30:00,编码一致，名称规格基本一致，批准匹配
51,5,苏州天华超净科技股份有限公司,21311079 / 中性内箱26*45侧印CC平放勿折,21311079,313,21311079,中性内箱26*45侧印CC平放勿折,1165×675×23mm,23,23,2007,122074.09,approve_prefix_match,approved,approve_prefix_match,313,俊琪,2026-06-19 15:30:00,编码一致，名称规格基本一致，批准匹配
52,5,苏州天华超净科技股份有限公司,22000110 / 103canmax安全鞋盒外箱,22000110,1092,22000110,103canmax安全鞋盒外箱,645×410×355mm,35,35,15671,120917.98,approve_prefix_match,approved,approve_prefix_match,1092,俊琪,2026-06-19 15:30:00,编码一致，名称规格基本一致，批准匹配
53,5,苏州天华超净科技股份有限公司,21301464 / A356专用包装箱25*45WW,21301464,204,21301464,A356专用包装箱25*45WW,1160×650×15mm,118,118,11713,119277.78,approve_prefix_match,approved,approve_prefix_match,204,俊琪,2026-06-19 15:30:00,编码一致，名称规格基本一致，批准匹配
54,5,苏州天华超净科技股份有限公司,21301819 / 中性白底蓝字内盒 MAX-6090BN,21301819,379,21301819,中性白底蓝字内盒 MAX-6090BN,910×610×23mm,23,23,17148,115993.86,approve_prefix_match,approved,approve_prefix_match,379,俊琪,2026-06-19 15:30:00,编码一致，名称规格基本一致，批准匹配
55,5,苏州天华超净科技股份有限公司,22000103 / 101N can max安全鞋盒29.5*19*11.5,22000103,161,22000103,101Ncanmax安全鞋盒,295×190×115mm,36,36,49910,114559.40,approve_prefix_match,approved,approve_prefix_match,161,俊琪,2026-06-19 15:30:00,编码一致，名称规格基本一致，批准匹配
56,5,苏州天华超净科技股份有限公司,22700002 / 防静电单回路手腕带包装内盒,22700002,210,22700002,防静电单回路手腕带包装内盒,290×140×120mm,32,32,54300,111847.40,approve_prefix_match,approved,approve_prefix_match,210,俊琪,2026-06-19 15:30:00,编码一致，名称规格基本一致，批准匹配
57,5,苏州天华超净科技股份有限公司,21301229 / 中性内箱26*45英飞凌款8本装白色打钩,21301229,225,21301229,中性内箱26*45英飞凌款8本装白色打钩,1160×671×18mm,95,95,12462,110465.93,approve_prefix_match,approved,approve_prefix_match,225,俊琪,2026-06-19 15:30:00,编码一致，名称规格基本一致，批准匹配
58,5,苏州天华超净科技股份有限公司,21301029 / 中性内箱35*41THH8,21301029,177,21301029,中性内箱35*41THH8,1055×905×210mm,123,123,9857,109933.68,approve_prefix_match,approved,approve_prefix_match,177,俊琪,2026-06-19 15:30:00,编码一致，名称规格基本一致，批准匹配
59,5,苏州天华超净科技股份有限公司,21311321 / PD用中性内箱26*45,21311321,2181,21311321,PD用中性内箱26*45,1150×665×17mm,38,38,19632,108518.02,approve_prefix_match,approved,approve_prefix_match,2181,俊琪,2026-06-19 15:30:00,编码一致，名称规格基本一致，批准匹配
60,5,苏州天华超净科技股份有限公司,21301435 / A356专用包装箱25*45BB,21301435,206,21301435,A356专用包装箱25*45BB,1160×650×15mm,113,113,10410,106667.66,approve_prefix_match,approved,approve_prefix_match,206,俊琪,2026-06-19 15:30:00,编码一致，名称规格基本一致，批准匹配
61,5,苏州天华超净科技股份有限公司,21311206 / 26*45中性内盒 THB8,21311206,1138,21311206,26*45中性内盒 THB8,1160×680×21mm,46,46,12603,105567.87,approve_prefix_match,approved,approve_prefix_match,1138,俊琪,2026-06-19 15:30:00,编码一致，名称规格基本一致，批准匹配
62,5,苏州天华超净科技股份有限公司,21301820 / 中性白底蓝字内盒MAX-6090WN,21301820,382,21301820,中性白底蓝字内盒MAX-6090WN,910×610×23mm,44,44,13724,98099.23,approve_prefix_match,approved,approve_prefix_match,382,俊琪,2026-06-19 15:30:00,编码一致，名称规格基本一致，批准匹配
63,5,苏州天华超净科技股份有限公司,21301804 / E113用白底蓝字内盒24*36,21301804,732,21301804,E113用白底蓝字内盒24*36,930×625×15mm,20,20,11538,90845.92,approve_prefix_match,approved,approve_prefix_match,732,俊琪,2026-06-19 15:30:00,编码一致，名称规格基本一致，批准匹配
64,5,苏州天华超净科技股份有限公司,22000105 / 103N canmax 安全鞋盒,22000105,528,22000105,103N canmax 安全鞋盒,335×215×125mm,11,11,35200,87296.00,approve_prefix_match,approved,approve_prefix_match,528,俊琪,2026-06-19 15:30:00,编码一致，名称规格基本一致，批准匹配
65,5,苏州天华超净科技股份有限公司,22000020 / 103 安全鞋盒 33.2*19.5*12.5,22000020,20,22000020,103安全鞋盒,332×195×125mm,18,18,36670,86733.90,approve_prefix_match,approved,approve_prefix_match,20,俊琪,2026-06-19 15:30:00,编码一致，名称规格基本一致，批准匹配
66,5,苏州天华超净科技股份有限公司,21301857 / 白底黑字内盒24*36 日文印刷绿色打钩,21301857,517,21301857,白底黑字内盒24*36 日文印刷绿色打钩,935×620×25mm,34,34,11526,86516.47,approve_prefix_match,approved,approve_prefix_match,517,俊琪,2026-06-19 15:30:00,编码一致，名称规格基本一致，批准匹配
67,5,苏州天华超净科技股份有限公司,21302028 / A356满衬板25*45（64*104）,21302028,199,21302028,A356满衬板25*45（64*104）,1035×640×mm,198,198,24493,79878.79,approve_prefix_match,approved,approve_prefix_match,199,俊琪,2026-06-19 15:30:00,编码一致，名称规格基本一致，批准匹配
68,5,苏州天华超净科技股份有限公司,21302057 / PD用满衬板24*36 59*89,21302057,224,21302057,PD用满衬板24*36 59*89,590×885×mm,136,136,51526,78694.51,approve_prefix_match,approved,approve_prefix_match,224,俊琪,2026-06-19 15:30:00,编码一致，名称规格基本一致，批准匹配
69,5,苏州天华超净科技股份有限公司,21311206 /26*45中性内盒 THB8,21311206,1138,21311206,26*45中性内盒 THB8,1160×680×21mm,31,31,8545,77983.20,approve_prefix_match,approved,approve_prefix_match,1138,俊琪,2026-06-19 15:30:00,编码一致，名称规格基本一致，批准匹配
70,5,苏州天华超净科技股份有限公司,21311088 / 双瓦白底蓝字内盒24*36 10本字体分开,21311088,592,21311088,双瓦白底蓝字内盒24*36 10本字体分开,935×620×25mm,11,11,9542,75617.11,approve_prefix_match,approved,approve_prefix_match,592,俊琪,2026-06-19 15:30:00,编码一致，名称规格基本一致，批准匹配
71,5,苏州天华超净科技股份有限公司,23201127 / 屏蔽袋纸箱55*50*50,23201127,2274,23201127,屏蔽袋纸箱55*50*50,545×495×495mm,48,48,5350,73526.60,approve_prefix_match,approved,approve_prefix_match,2274,俊琪,2026-06-19 15:30:00,编码一致，名称规格基本一致，批准匹配
72,5,苏州天华超净科技股份有限公司,21302067 /衬板60*90 82.5*58,21302067,426,21302067,衬板60*90 82.5*58,825×580×mm,37,37,34614,71842.86,approve_prefix_match,approved,approve_prefix_match,426,俊琪,2026-06-19 15:30:00,编码一致，名称规格基本一致，批准匹配
73,5,苏州天华超净科技股份有限公司,"22800011 / 白色纸箱8"" 32.5*32.5*43",22800011,110,22800011,"白色纸箱8"" 32.5*32.5*43",320×320×425mm,77,77,12820,70467.70,approve_prefix_match,approved,approve_prefix_match,110,俊琪,2026-06-19 15:30:00,编码一致，名称规格基本一致，批准匹配
74,5,苏州天华超净科技股份有限公司,21311025 / 中性内箱26*45THB8,21311025,2296,21311025,中性内箱26*45THB8,1145×655×15mm,131,131,11710,68390.91,approve_prefix_match,approved,approve_prefix_match,2296,俊琪,2026-06-19 15:30:00,编码一致，名称规格基本一致，批准匹配
75,5,苏州天华超净科技股份有限公司,21311109 / 中性内箱24*36BE侧印CC平放勿折,21311109,314,21311109,中性内箱24*36BE侧印CC平放勿折,930×620×18mm,29,29,9343,68228.13,approve_prefix_match,approved,approve_prefix_match,314,俊琪,2026-06-19 15:30:00,编码一致，名称规格基本一致，批准匹配
76,5,苏州天华超净科技股份有限公司,21311028 / 中性外箱24*36THB8,21311028,115,21311028,中性外箱24*36THB8,945×635×130mm,167,167,5309,64775.26,approve_prefix_match,approved,approve_prefix_match,115,俊琪,2026-06-19 15:30:00,编码一致，名称规格基本一致，批准匹配
77,5,苏州天华超净科技股份有限公司,22000020/103安全内盒,22000020,20,22000020,103安全鞋盒,332×195×125mm,3,3,30000,62700.00,approve_prefix_match,approved,approve_prefix_match,20,俊琪,2026-06-19 15:30:00,编码一致，名称规格基本一致，批准匹配
78,5,苏州天华超净科技股份有限公司,21301055 / 白底蓝字外箱24*36,21301055,45,21301055,白底蓝字外箱24*36,955×635×185mm,73,73,4518,59687.14,approve_prefix_match,approved,approve_prefix_match,45,俊琪,2026-06-19 15:30:00,编码一致，名称规格基本一致，批准匹配
79,5,苏州天华超净科技股份有限公司,21301063 / 白底蓝字内箱92*116,21301063,50,21301063,白底蓝字内箱92*116,1175×935×25mm,67,67,4562,59598.63,approve_prefix_match,approved,approve_prefix_match,50,俊琪,2026-06-19 15:30:00,编码一致，名称规格基本一致，批准匹配
80,5,苏州天华超净科技股份有限公司,22000105 / 103N can max 安全鞋盒33.5*21.5*12.5,22000105,528,22000105,103N canmax 安全鞋盒,335×215×125mm,24,24,23851,59050.10,approve_prefix_match,approved,approve_prefix_match,528,俊琪,2026-06-19 15:30:00,编码一致，名称规格基本一致，批准匹配
81,5,苏州天华超净科技股份有限公司,21301010 / Ancltek外箱26*45THH10,21301010,180,21301010,Ancltek外箱26*45THH10,1160×665×160mm,7,7,4129,57381.25,approve_prefix_match,approved,approve_prefix_match,180,俊琪,2026-06-19 15:30:00,编码一致，名称规格基本一致，批准匹配
82,5,苏州天华超净科技股份有限公司,21301796 / PD用中性内箱24*36,21301796,227,21301796,PD用中性内箱24*36,930×625×20mm,77,77,12346,56768.78,approve_prefix_match,approved,approve_prefix_match,227,俊琪,2026-06-19 15:30:00,编码一致，名称规格基本一致，批准匹配
83,5,苏州天华超净科技股份有限公司,21301411 / A356专用包装箱18*46WW,21301411,203,21301411,A356专用包装箱18*46WW,1195×470×15mm,133,133,7248,55877.63,approve_prefix_match,approved,approve_prefix_match,203,俊琪,2026-06-19 15:30:00,编码一致，名称规格基本一致，批准匹配
84,5,苏州天华超净科技股份有限公司,21301853 / 白底黑字内箱24*36日文印刷白色打钩,21301853,137,21301853,白底黑字内箱24*36日文印刷白色打钩,935×620×25mm,98,98,7391,55095.27,approve_prefix_match,approved,approve_prefix_match,137,俊琪,2026-06-19 15:30:00,编码一致，名称规格基本一致，批准匹配
85,5,苏州天华超净科技股份有限公司,21301787 / 美国白底黑字内箱36*45拼版式,21301787,12,21301787,美国白底黑字内箱36*45拼版式,1146×920×20mm,56,56,4256,53655.07,approve_prefix_match,approved,approve_prefix_match,12,俊琪,2026-06-19 15:30:00,编码一致，名称规格基本一致，批准匹配
86,5,苏州天华超净科技股份有限公司,21301807 / E113用白底蓝字内箱36*45,21301807,304,21301807,E113用白底蓝字内箱36*45,1160×930×15mm,18,18,4000,53104.00,approve_prefix_match,approved,approve_prefix_match,304,俊琪,2026-06-19 15:30:00,编码一致，名称规格基本一致，批准匹配
87,5,苏州天华超净科技股份有限公司,21301191 / 中性内箱26*45THH8,21301191,99,21301191,中性内箱26*45THH8,1160×675×18mm,149,149,8326,51294.00,approve_prefix_match,approved,approve_prefix_match,99,俊琪,2026-06-19 15:30:00,编码一致，名称规格基本一致，批准匹配
88,5,苏州天华超净科技股份有限公司,21301265 / 白底蓝字内箱60*120,21301265,140,21301265,白底蓝字内箱60*120,1215×615×27mm,37,37,5022,50897.76,approve_prefix_match,approved,approve_prefix_match,140,俊琪,2026-06-19 15:30:00,编码一致，名称规格基本一致，批准匹配
89,5,苏州天华超净科技股份有限公司,21301852 / 白底黑字内箱18*36日文印刷蓝色打钩,21301852,145,21301852,白底黑字内箱18*36日文印刷蓝色打钩,925×470×25mm,103,103,8717,50882.99,approve_prefix_match,approved,approve_prefix_match,145,俊琪,2026-06-19 15:30:00,编码一致，名称规格基本一致，批准匹配
90,5,苏州天华超净科技股份有限公司,21301818 / 中性白底蓝字内盒MAX-6090BH,21301818,570,21301818,中性白底蓝字内盒MAX-6090BH,910×610×23mm,24,24,7560,50308.16,approve_prefix_match,approved,approve_prefix_match,570,俊琪,2026-06-19 15:30:00,编码一致，名称规格基本一致，批准匹配
91,5,苏州天华超净科技股份有限公司,21301024 / 中性外箱24*36THH10,21301024,33,21301024,中性外箱24*36THH10,935×615×160mm,36,36,4550,50288.53,approve_prefix_match,approved,approve_prefix_match,33,俊琪,2026-06-19 15:30:00,编码一致，名称规格基本一致，批准匹配
92,5,苏州天华超净科技股份有限公司,22700003 / 防静电单回路手腕带包装纸箱,22700003,211,22700003,防静电单回路手腕带包装纸箱,615×435×310mm,36,36,5989,49351.60,approve_prefix_match,approved,approve_prefix_match,211,俊琪,2026-06-19 15:30:00,编码一致，名称规格基本一致，批准匹配
93,5,苏州天华超净科技股份有限公司,21301501 / A356专用包装箱18*46 BB,21301501,404,21301501,A356专用包装箱18*46 BB,1195×470×15mm,96,96,6190,48874.16,approve_prefix_match,approved,approve_prefix_match,404,俊琪,2026-06-19 15:30:00,编码一致，名称规格基本一致，批准匹配
94,5,苏州天华超净科技股份有限公司,21301805 / E113用白底蓝字内箱26*45,21301805,302,21301805,E113用白底蓝字内箱26*45,1160×680×15mm,17,17,4902,48465.49,approve_prefix_match,approved,approve_prefix_match,302,俊琪,2026-06-19 15:30:00,编码一致，名称规格基本一致，批准匹配
95,5,苏州天华超净科技股份有限公司,21301802 / E113用白底蓝字内箱18*36,21301802,301,21301802,E113用白底蓝字内箱18*36,930×475×15mm,20,20,7608,46580.21,approve_prefix_match,approved,approve_prefix_match,301,俊琪,2026-06-19 15:30:00,编码一致，名称规格基本一致，批准匹配
96,5,苏州天华超净科技股份有限公司,21311119 / 白底蓝字内箱26*45THB8,21311119,235,21311119,白底蓝字内箱26*45THB8,1155×690×25mm,87,87,4822,44975.72,approve_prefix_match,approved,approve_prefix_match,235,俊琪,2026-06-19 15:30:00,编码一致，名称规格基本一致，批准匹配
97,5,苏州天华超净科技股份有限公司,22000106 / 101N can max安全鞋外箱60*40*31.5,22000106,529,22000106,101N canmax安全鞋外箱,600×400×315mm,39,39,6203,44922.95,approve_prefix_match,approved,approve_prefix_match,529,俊琪,2026-06-19 15:30:00,编码一致，名称规格基本一致，批准匹配
98,5,苏州天华超净科技股份有限公司,21302022 / A356外用衬板18*46（109*45）,21302022,200,21302022,A356外用衬板18*46（109*45）,1090×445×mm,177,177,18316,44146.96,approve_prefix_match,approved,approve_prefix_match,200,俊琪,2026-06-19 15:30:00,编码一致，名称规格基本一致，批准匹配
99,5,苏州天华超净科技股份有限公司,21301193 / 中性内箱24*36THH8,21301193,100,21301193,中性内箱24*36THH8,923×613×18mm,98,97,9190,43182.56,approve_prefix_match,approved,approve_prefix_match,100,俊琪,2026-06-19 15:30:00,编码一致，名称规格基本一致，批准匹配
100,5,苏州天华超净科技股份有限公司,22000109 / 102canmax安全鞋盒外箱,22000109,1091,22000109,102canmax安全鞋盒外箱,645×410×325mm,30,30,5575,43058.55,approve_prefix_match,approved,approve_prefix_match,1091,俊琪,2026-06-19 15:30:00,编码一致，名称规格基本一致，批准匹配
101,5,苏州天华超净科技股份有限公司,22000021 / 201PU鞋盒,22000021,186,22000021,201PU鞋盒,260×130×110mm,11,11,30520,42449.00,approve_prefix_match,approved,approve_prefix_match,186,俊琪,2026-06-19 15:30:00,编码一致，名称规格基本一致，批准匹配
102,5,苏州天华超净科技股份有限公司,21311033 / Ancltek内箱61*91,21311033,125,21311033,Ancltek内箱61*91,935×620×25mm,96,96,8852,42138.95,approve_prefix_match,approved,approve_prefix_match,125,俊琪,2026-06-19 15:30:00,编码一致，名称规格基本一致，批准匹配
103,5,苏州天华超净科技股份有限公司,"22800001 / 白色8""565*285*430",22800001,55,22800001,"白色8""纸箱565*285*430",560×280×425mm,53,53,6180,41584.90,approve_prefix_match,approved,approve_prefix_match,55,俊琪,2026-06-19 15:30:00,编码一致，名称规格基本一致，批准匹配
104,5,苏州天华超净科技股份有限公司,21301863 / 白底黑字24*36日文印刷白色打钩,21301863,669,21301863,白底黑字24*36日文印刷白色打钩,935×620×25mm,75,75,5541,40281.00,approve_prefix_match,approved,approve_prefix_match,669,俊琪,2026-06-19 15:30:00,编码一致，名称规格基本一致，批准匹配
105,5,苏州天华超净科技股份有限公司,22801003 / 中性纸箱8*36m 32.5*32.5*43,22801003,95,22801003,"中性纸箱8"" 32.5*32.5*43",320×320×425mm,61,61,7890,39825.20,approve_prefix_match,approved,approve_prefix_match,95,俊琪,2026-06-19 15:30:00,编码一致，名称规格基本一致，批准匹配
106,5,苏州天华超净科技股份有限公司,21311272/白底绿字抽屉式24*36,21311272,797,21311272,白底绿字抽屉式24*36,920×615×20mm,5,5,4594,39554.74,approve_prefix_match,approved,approve_prefix_match,797,俊琪,2026-06-19 15:30:00,编码一致，名称规格基本一致，批准匹配
107,5,苏州天华超净科技股份有限公司,21302067 / 衬板60*90 82.5*58,21302067,426,21302067,衬板60*90 82.5*58,825×580×mm,28,28,20585,38309.40,approve_prefix_match,approved,approve_prefix_match,426,俊琪,2026-06-19 15:30:00,编码一致，名称规格基本一致，批准匹配
108,5,苏州天华超净科技股份有限公司,23201044 / 屏蔽袋纸箱400*560  59*43*12,23201044,425,23201044,屏蔽袋纸箱400*560  59*43*12,590×430×120mm,72,72,5100,38104.40,approve_prefix_match,approved,approve_prefix_match,425,俊琪,2026-06-19 15:30:00,编码一致，名称规格基本一致，批准匹配
109,5,苏州天华超净科技股份有限公司,21301521 / A356专用包装箱18*46GG,21301521,208,21301521,A356专用包装箱18*46GG,1195×470×15mm,79,79,4786,37906.99,approve_prefix_match,approved,approve_prefix_match,208,俊琪,2026-06-19 15:30:00,编码一致，名称规格基本一致，批准匹配
110,5,苏州天华超净科技股份有限公司,10250186 / 两口离子风机纸箱 67*23*15,10250186,417,10250186,两口离子风机纸箱 67*23*15,680×240×165mm,38,38,8600,37615.00,approve_prefix_match,approved,approve_prefix_match,417,俊琪,2026-06-19 15:30:00,编码一致，名称规格基本一致，批准匹配
111,5,苏州天华超净科技股份有限公司,23201057 / 屏蔽袋纸箱61.5*50.5*17.5,23201057,1241,23201057,屏蔽袋纸箱61.5*50.5*17.5,615×505×175mm,55,55,3799,37476.54,approve_prefix_match,approved,approve_prefix_match,1241,俊琪,2026-06-19 15:30:00,编码一致，名称规格基本一致，批准匹配
112,5,苏州天华超净科技股份有限公司,21301230 / 中性外箱26*45英飞凌款8本装白色打钩,21301230,226,21301230,中性外箱26*45英飞凌款8本装白色打钩,1180×695×145mm,97,97,2531,36739.65,approve_prefix_match,approved,approve_prefix_match,226,俊琪,2026-06-19 15:30:00,编码一致，名称规格基本一致，批准匹配
113,5,苏州天华超净科技股份有限公司,21301824 / 中性白底蓝字内盒 MAX-6012BN,21301824,378,21301824,中性白底蓝字内盒 MAX-6012BN,1210×610×23mm,43,43,4088,36487.92,approve_prefix_match,approved,approve_prefix_match,378,俊琪,2026-06-19 15:30:00,编码一致，名称规格基本一致，批准匹配
114,5,苏州天华超净科技股份有限公司,21301821 / 中性白底蓝字内盒MAX-6090BB,21301821,381,21301821,中性白底蓝字内盒MAX-6090BB,910×610×23mm,44,44,5113,36117.08,approve_prefix_match,approved,approve_prefix_match,381,俊琪,2026-06-19 15:30:00,编码一致，名称规格基本一致，批准匹配
115,5,苏州天华超净科技股份有限公司,21301818 /中性白底蓝字内盒MAX-6090BH,21301818,570,21301818,中性白底蓝字内盒MAX-6090BH,910×610×23mm,19,19,4872,36084.72,approve_prefix_match,approved,approve_prefix_match,570,俊琪,2026-06-19 15:30:00,编码一致，名称规格基本一致，批准匹配
116,5,苏州天华超净科技股份有限公司,22901007 / 中性纸箱31*31*64,22901007,105,22901007,中性纸箱31*31*64,305×305×640mm,62,62,5730,35310.80,approve_prefix_match,approved,approve_prefix_match,105,俊琪,2026-06-19 15:30:00,编码一致，名称规格基本一致，批准匹配
117,5,苏州天华超净科技股份有限公司,21311315 / 中性白底蓝字内盒（9200青）,21311315,2005,21311315,中性白底蓝字内盒（9200青）,910×610×28mm,22,22,4954,33743.28,approve_prefix_match,approved,approve_prefix_match,2005,俊琪,2026-06-19 15:30:00,编码一致，名称规格基本一致，批准匹配
118,5,苏州天华超净科技股份有限公司,21301856 / 白底黑字内箱60*120日文印刷蓝色打钩,21301856,144,21301856,白底黑字内箱60*120日文印刷蓝色打钩,1215×615×25mm,87,87,3580,32425.88,approve_prefix_match,approved,approve_prefix_match,144,俊琪,2026-06-19 15:30:00,编码一致，名称规格基本一致，批准匹配
119,5,苏州天华超净科技股份有限公司,"22801003 / 中性纸箱8"" 32.5*32.5*43",22801003,95,22801003,"中性纸箱8"" 32.5*32.5*43",320×320×425mm,37,37,6382,32105.32,approve_prefix_match,approved,approve_prefix_match,95,俊琪,2026-06-19 15:30:00,编码一致，名称规格基本一致，批准匹配
120,5,苏州天华超净科技股份有限公司,21301779 / 美国白底黑字内箱18*36拼版式,21301779,327,21301779,美国白底黑字内箱18*36拼版式,920×455×20mm,86,86,5586,32100.17,approve_prefix_match,approved,approve_prefix_match,327,俊琪,2026-06-19 15:30:00,编码一致，名称规格基本一致，批准匹配
121,5,苏州天华超净科技股份有限公司,21301835 / NAS白底蓝字抽屉式内箱24*36B楞,21301835,376,21301835,NAS白底蓝字抽屉式内箱24*36B楞,925×620×15mm,13,13,3732,31878.00,approve_prefix_match,approved,approve_prefix_match,376,俊琪,2026-06-19 15:30:00,编码一致，名称规格基本一致，批准匹配
122,5,苏州天华超净科技股份有限公司,21301775 / 美国白底黑字内箱24*36拼版式,21301775,6,21301775,美国白底黑字内箱24*36拼版式,920×605×20mm,72,72,4151,31789.67,approve_prefix_match,approved,approve_prefix_match,6,俊琪,2026-06-19 15:30:00,编码一致，名称规格基本一致，批准匹配
123,5,苏州天华超净科技股份有限公司,10250196 / KD1002包装小盒28.5*19.5*5.5,10250196,2145,10250196,KD1002包装小盒28.5*19.5*5.5,285×195×55mm,34,34,11550,31764.00,approve_prefix_match,approved,approve_prefix_match,2145,俊琪,2026-06-19 15:30:00,编码一致，名称规格基本一致，批准匹配
124,5,苏州天华超净科技股份有限公司,22906002 / 纸板单瓦130*130,22906002,213,22906002,纸板单瓦130*130,1300×1300×mm,64,64,6310,31588.20,approve_prefix_match,approved,approve_prefix_match,213,俊琪,2026-06-19 15:30:00,编码一致，名称规格基本一致，批准匹配
125,5,苏州天华超净科技股份有限公司,23201033 / 屏蔽袋纸箱48*38*14,23201033,256,23201033,屏蔽袋纸箱48*38*12.5,480×380×125mm,34,34,4652,30675.12,approve_prefix_match,approved,approve_prefix_match,256,俊琪,2026-06-19 15:30:00,编码一致，名称规格基本一致，批准匹配
126,5,苏州天华超净科技股份有限公司,21301152 / 中性内箱92*180,21301152,295,21301152,中性内箱92*180,1810×930×30mm,206,206,1732,30623.22,approve_prefix_match,approved,approve_prefix_match,295,俊琪,2026-06-19 15:30:00,编码一致，名称规格基本一致，批准匹配
127,5,苏州天华超净科技股份有限公司,21311026 / 中性外箱26*45THB8,21311026,184,21311026,中性外箱26*45THB8,1155×665×135mm,129,129,2342,30581.62,approve_prefix_match,approved,approve_prefix_match,184,俊琪,2026-06-19 15:30:00,编码一致，名称规格基本一致，批准匹配
128,5,苏州天华超净科技股份有限公司,22000018 / 101安全鞋盒,22000018,185,22000018,101安全鞋盒,295×190×115mm,10,10,14500,30430.00,approve_prefix_match,approved,approve_prefix_match,185,俊琪,2026-06-19 15:30:00,编码一致，名称规格基本一致，批准匹配
129,5,苏州天华超净科技股份有限公司,21311064 / 24*36白底蓝字 平放勿折,21311064,574,21311064,24*36白底蓝字 平放勿折,935×620×270mm,8,8,3982,30289.42,approve_prefix_match,approved,approve_prefix_match,574,俊琪,2026-06-19 15:30:00,编码一致，名称规格基本一致，批准匹配
130,5,苏州天华超净科技股份有限公司,21301841 / NAS白底蓝字抽屉式内箱24*36,21301841,70,21301841,NAS白底蓝字抽屉式内箱24*36,925×620×8mm,8,8,5935,30090.45,approve_prefix_match,approved,approve_prefix_match,70,俊琪,2026-06-19 15:30:00,编码一致，名称规格基本一致，批准匹配
131,5,苏州天华超净科技股份有限公司,21311023 / 中性内箱18*36THB10,21311023,166,21311023,中性内箱18*36THB10,925×460×18mm,98,98,7655,29874.04,approve_prefix_match,approved,approve_prefix_match,166,俊琪,2026-06-19 15:30:00,编码一致，名称规格基本一致，批准匹配
132,5,苏州天华超净科技股份有限公司,21301822 / 中性白底蓝字内盒 MAX-6090BL,21301822,380,21301822,中性白底蓝字内盒 MAX-6090BL,910×610×23mm,38,38,4144,29526.00,approve_prefix_match,approved,approve_prefix_match,380,俊琪,2026-06-19 15:30:00,编码一致，名称规格基本一致，批准匹配
133,5,苏州天华超净科技股份有限公司,21301877 / 白底黑字内盒（白）600*900日文,21301877,660,21301877,白底黑字内盒（白）600*900日文,935×620×25mm,74,74,4057,29390.01,approve_prefix_match,approved,approve_prefix_match,660,俊琪,2026-06-19 15:30:00,编码一致，名称规格基本一致，批准匹配
134,5,苏州天华超净科技股份有限公司,21302062 / 满衬板26*45.107.5*66,21302062,123,21302062,满衬板26*45.107.5*66,1075×660×mm,210,210,14770,29364.57,approve_prefix_match,approved,approve_prefix_match,123,俊琪,2026-06-19 15:30:00,编码一致，名称规格基本一致，批准匹配
135,5,苏州天华超净科技股份有限公司,21311274/卡其绿字抽屉式纸箱24*36,21311274,827,21311274,卡其绿字抽屉式纸箱24*36,920×615×22mm,21,21,3947,29323.90,approve_prefix_match,approved,approve_prefix_match,827,俊琪,2026-06-19 15:30:00,编码一致，名称规格基本一致，批准匹配
136,5,苏州天华超净科技股份有限公司,21301777 / 美国白底黑字内箱26*45拼版式,21301777,9,21301777,美国白底黑字内箱26*45拼版式,1150×665×20mm,57,57,3009,28911.49,approve_prefix_match,approved,approve_prefix_match,9,俊琪,2026-06-19 15:30:00,编码一致，名称规格基本一致，批准匹配
137,5,苏州天华超净科技股份有限公司,21302044 / 满衬板58*107cm,21302044,183,21302044,满衬板58*107cm,1070×580×mm,383,383,16804,28898.64,approve_prefix_match,approved,approve_prefix_match,183,俊琪,2026-06-19 15:30:00,编码一致，名称规格基本一致，批准匹配
138,5,苏州天华超净科技股份有限公司,21301465 / A356专用包装箱25*45 GG,21301465,359,21301465,A356专用包装箱25*45 GG,1160×650×15mm,35,35,2747,28542.11,approve_prefix_match,approved,approve_prefix_match,359,俊琪,2026-06-19 15:30:00,编码一致，名称规格基本一致，批准匹配
139,5,苏州天华超净科技股份有限公司,21301264 / 单瓦白底蓝字内箱18*45字体分开,21301264,237,21301264,单瓦白底蓝字内箱18*45字体分开,1165×470×21mm,12,12,5108,28187.18,approve_prefix_match,approved,approve_prefix_match,237,俊琪,2026-06-19 15:30:00,编码一致，名称规格基本一致，批准匹配
140,5,苏州天华超净科技股份有限公司,21301806 / E113用白底蓝字内箱36*36,21301806,303,21301806,E113用白底蓝字内箱36*36,930×930×15mm,16,16,2400,27892.00,approve_prefix_match,approved,approve_prefix_match,303,俊琪,2026-06-19 15:30:00,编码一致，名称规格基本一致，批准匹配
141,5,苏州天华超净科技股份有限公司,21301204 / 白底黑字内箱18*24,21301204,97,21301204,白底黑字内箱18*24,620×470×26mm,129,129,6121,27888.13,approve_prefix_match,approved,approve_prefix_match,97,俊琪,2026-06-19 15:30:00,编码一致，名称规格基本一致，批准匹配
142,5,苏州天华超净科技股份有限公司,23201018 / 包装纸箱52*42*9,23201018,342,23201018,包装纸箱52*42*9,520×420×90mm,72,72,4656,27846.34,approve_prefix_match,approved,approve_prefix_match,342,俊琪,2026-06-19 15:30:00,编码一致，名称规格基本一致，批准匹配
143,5,苏州天华超净科技股份有限公司,23201045 / 屏蔽袋用纸箱72*49*12,23201045,433,23201045,屏蔽袋用纸箱72*49*12,720×490×120mm,45,45,2900,27716.60,approve_prefix_match,approved,approve_prefix_match,433,俊琪,2026-06-19 15:30:00,编码一致，名称规格基本一致，批准匹配
144,5,苏州天华超净科技股份有限公司,10250484 / 新款卧式纸箱 48*30*23,10250484,243,10250484,新款卧式纸箱 48*30*23,480×300×230mm,17,17,6250,27635.00,approve_prefix_match,approved,approve_prefix_match,243,俊琪,2026-06-19 15:30:00,编码一致，名称规格基本一致，批准匹配
145,5,苏州天华超净科技股份有限公司,21301908 / 中性纸箱26*45,21301908,1301,21301908,中性纸箱26*45,1160×680×18mm,17,17,2977,27130.02,approve_prefix_match,approved,approve_prefix_match,1301,俊琪,2026-06-19 15:30:00,编码一致，名称规格基本一致，批准匹配
146,5,苏州天华超净科技股份有限公司,21301935 / 26*45中性内箱THH10,21301935,1449,21301935,26*45中性内箱THH10,1150×670×25mm,27,27,1650,26917.25,approve_prefix_match,approved,approve_prefix_match,1449,俊琪,2026-06-19 15:30:00,编码一致，名称规格基本一致，批准匹配
147,5,苏州天华超净科技股份有限公司,22000007 / 201A外箱,22000007,546,22000007,201A外箱,680×470×280mm,17,17,3106,26160.92,approve_prefix_match,approved,approve_prefix_match,546,俊琪,2026-06-19 15:30:00,编码一致，名称规格基本一致，批准匹配
148,5,苏州天华超净科技股份有限公司,21302003 / 满衬板110*64,21302003,311,21302003,满衬板110*64,1100×640×mm,93,93,12623,25226.56,approve_prefix_match,approved,approve_prefix_match,311,俊琪,2026-06-19 15:30:00,编码一致，名称规格基本一致，批准匹配
149,5,苏州天华超净科技股份有限公司,21302064 / 满衬板36*45 101*78,21302064,247,21302064,满衬板36*45 101*78,1075×910×mm,45,45,10172,24805.77,approve_prefix_match,approved,approve_prefix_match,247,俊琪,2026-06-19 15:30:00,编码一致，名称规格基本一致，批准匹配
150,5,苏州天华超净科技股份有限公司,22000016 / 002白卡鞋盒28.5*10.5*10,22000016,239,22000016,002白卡鞋盒28.5*10.5*10,285×105×100mm,15,15,25500,24435.00,approve_prefix_match,approved,approve_prefix_match,239,俊琪,2026-06-19 15:30:00,编码一致，名称规格基本一致，批准匹配
151,5,苏州天华超净科技股份有限公司,21301110 / 白底蓝字外箱92*116,21301110,47,21301110,白底蓝字外箱92*116,1185×950×185mm,63,63,1008,23604.41,approve_prefix_match,approved,approve_prefix_match,47,俊琪,2026-06-19 15:30:00,编码一致，名称规格基本一致，批准匹配
152,5,苏州天华超净科技股份有限公司,22000019 / 102安全鞋盒,22000019,375,22000019,102 安全鞋盒30.5*19.5*12,305×195×120mm,7,7,10800,23488.00,approve_prefix_match,approved,approve_prefix_match,375,俊琪,2026-06-19 15:30:00,编码一致，名称规格基本一致，批准匹配
153,5,苏州天华超净科技股份有限公司,23203017 / 衬板85*64,23203017,438,23203017,衬板85*64,850×640×mm,128,128,10882,23368.87,approve_prefix_match,approved,approve_prefix_match,438,俊琪,2026-06-19 15:30:00,编码一致，名称规格基本一致，批准匹配
154,5,苏州天华超净科技股份有限公司,21301192 / 中性外箱26*45THH8,21301192,101,21301192,中性外箱26*45THH8,1170×680×135mm,127,127,1554,22992.45,approve_prefix_match,approved,approve_prefix_match,101,俊琪,2026-06-19 15:30:00,编码一致，名称规格基本一致，批准匹配
155,5,苏州天华超净科技股份有限公司,21302050 / 满衬板36*45,21302050,65,21302050,满衬板36*45,1120×910×mm,57,57,4965,22961.05,approve_prefix_match,approved,approve_prefix_match,65,俊琪,2026-06-19 15:30:00,编码一致，名称规格基本一致，批准匹配
156,5,苏州天华超净科技股份有限公司,21302061 / 满衬板24*36,21302061,,,,,50,50,14871,22292.46,create_product_later,needs_check,create_product_later,,俊琪,2026-06-19 15:30:00,未找到对应正式产品，需后续补产品或人工确认
157,5,苏州天华超净科技股份有限公司,21301874 / 白底红黑蓝内箱60*90日文印刷,21301874,396,21301874,白底红黑蓝内箱60*90日文印刷,935×620×25mm,61,61,2815,22232.01,approve_prefix_match,approved,approve_prefix_match,396,俊琪,2026-06-19 15:30:00,编码一致，名称规格基本一致，批准匹配
158,5,苏州天华超净科技股份有限公司,21301842 / 中性内盒115*60,21301842,1074,21301842,中性内盒115*60,1165×615×28mm,52,52,2887,21765.34,approve_prefix_match,approved,approve_prefix_match,1074,俊琪,2026-06-19 15:30:00,编码一致，名称规格基本一致，批准匹配
159,5,苏州天华超净科技股份有限公司,21302012 / 满衬板58*116,21302012,92,21302012,满衬板58*116,1160×580×mm,157,157,11294,21505.64,approve_prefix_match,approved,approve_prefix_match,92,俊琪,2026-06-19 15:30:00,编码一致，名称规格基本一致，批准匹配
160,5,苏州天华超净科技股份有限公司,23201125 / 屏蔽袋纸箱45*63*11,23201125,1507,23201125,屏蔽袋纸箱45*63*11,630×450×110mm,20,20,2115,21474.21,approve_prefix_match,approved,approve_prefix_match,1507,俊琪,2026-06-19 15:30:00,编码一致，名称规格基本一致，批准匹配
161,5,苏州天华超净科技股份有限公司,21301194 / 中性外箱24*36THH8,21301194,102,21301194,中性外箱24*36THH8,935×625×135mm,91,91,1870,21169.40,approve_prefix_match,approved,approve_prefix_match,102,俊琪,2026-06-19 15:30:00,编码一致，名称规格基本一致，批准匹配
162,5,苏州天华超净科技股份有限公司,21311034 / Ancltek外箱61*91,21311034,126,21311034,Ancltek外箱61*91,955×635×160mm,97,97,1778,21135.67,approve_prefix_match,approved,approve_prefix_match,126,俊琪,2026-06-19 15:30:00,编码一致，名称规格基本一致，批准匹配
163,5,苏州天华超净科技股份有限公司,21302041 / A356外用衬板25*45（63*57）,21302041,196,21302041,A356外用衬板25*45（63*57）,630×562×mm,188,188,11919,21021.14,approve_prefix_match,approved,approve_prefix_match,196,俊琪,2026-06-19 15:30:00,编码一致，名称规格基本一致，批准匹配
164,5,苏州天华超净科技股份有限公司,21301611 / 中性纸箱12*12cm,21301611,146,21301611,中性纸箱12*12cm,260×260×110mm,144,144,9956,20611.11,approve_prefix_match,approved,approve_prefix_match,146,俊琪,2026-06-19 15:30:00,编码一致，名称规格基本一致，批准匹配
165,5,苏州天华超净科技股份有限公司,22906001 / 纸板单瓦130*98,22906001,212,22906001,纸板单瓦130*98,1300×980×mm,34,34,5100,20153.50,approve_prefix_match,approved,approve_prefix_match,212,俊琪,2026-06-19 15:30:00,编码一致，名称规格基本一致，批准匹配
166,5,苏州天华超净科技股份有限公司,21301859 / 白底黑字内箱60*90日文印刷ESD,21301859,276,21301859,白底黑字内箱60*90日文印刷ESD,935×620×25mm,54,54,2703,20093.16,approve_prefix_match,approved,approve_prefix_match,276,俊琪,2026-06-19 15:30:00,编码一致，名称规格基本一致，批准匹配
167,5,苏州天华超净科技股份有限公司,21301876 / 白底黑字内盒（青）600*900日文,21301876,659,21301876,白底黑字内盒（青）600*900日文,935×620×25mm,49,49,2846,19787.24,approve_prefix_match,approved,approve_prefix_match,659,俊琪,2026-06-19 15:30:00,编码一致，名称规格基本一致，批准匹配
168,5,苏州天华超净科技股份有限公司,22000019/102安全内盒,22000019,375,22000019,102 安全鞋盒30.5*19.5*12,305×195×120mm,1,1,10000,19600.00,approve_prefix_match,approved,approve_prefix_match,375,俊琪,2026-06-19 15:30:00,编码一致，名称规格基本一致，批准匹配
169,5,苏州天华超净科技股份有限公司,21311166 / 中性内箱24*36 THB8,21311166,233,21311166,中性内箱24*36 THB8,935×620×18mm,43,43,2819,19161.58,approve_prefix_match,approved,approve_prefix_match,233,俊琪,2026-06-19 15:30:00,编码一致，名称规格基本一致，批准匹配
170,5,苏州天华超净科技股份有限公司,21311121 / 白底蓝字内盒24*36 THB10,21311121,482,21311121,白底蓝字内盒24*36 THB10,935×620×21mm,47,47,2419,19090.35,approve_prefix_match,approved,approve_prefix_match,482,俊琪,2026-06-19 15:30:00,编码一致，名称规格基本一致，批准匹配
171,5,苏州天华超净科技股份有限公司,"22800003 / 白色12""纸箱56.5*28.5*33",22800003,194,22800003,"白色12""纸箱56.5*28.5*33",560×280×325mm,54,54,3300,18874.90,approve_prefix_match,approved,approve_prefix_match,194,俊琪,2026-06-19 15:30:00,编码一致，名称规格基本一致，批准匹配
172,5,苏州天华超净科技股份有限公司,21301327 / 中性内箱80*85,21301327,111,21301327,中性内箱80*85,865×815×27mm,72,72,2121,18660.42,approve_prefix_match,approved,approve_prefix_match,111,俊琪,2026-06-19 15:30:00,编码一致，名称规格基本一致，批准匹配
173,5,苏州天华超净科技股份有限公司,21301509 / 中性内箱1m*0.9m,21301509,87,21301509,中性内箱1m*0.9m,1020×920×28mm,105,105,1812,18562.53,approve_prefix_match,approved,approve_prefix_match,87,俊琪,2026-06-19 15:30:00,编码一致，名称规格基本一致，批准匹配
174,5,苏州天华超净科技股份有限公司,22000017 / 003白卡鞋盒32*12*10,22000017,240,22000017,003白卡鞋盒32*12*10,320×120×100mm,11,11,19000,18240.00,approve_prefix_match,approved,approve_prefix_match,240,俊琪,2026-06-19 15:30:00,编码一致，名称规格基本一致，批准匹配
175,5,苏州天华超净科技股份有限公司,20600037 / 手套外箱48*45*47,20600037,572,20600037,手套外箱48*45*47,480×450×470mm,25,25,2300,18210.50,approve_prefix_match,approved,approve_prefix_match,572,俊琪,2026-06-19 15:30:00,编码一致，名称规格基本一致，批准匹配
176,5,苏州天华超净科技股份有限公司,21301634 / 白底黑字内箱60*115,21301634,300,21301634,白底黑字内箱60*115,1165×615×25mm,28,28,2094,18183.93,approve_prefix_match,approved,approve_prefix_match,300,俊琪,2026-06-19 15:30:00,编码一致，名称规格基本一致，批准匹配
177,5,苏州天华超净科技股份有限公司,21311303/BM中性内盒26*45 115*47*2.1/2.3,21311303,1877,21311303,BM中性内盒26*45 115*47*2.1/2.3,1150×670×23mm,3,3,1328,18167.04,approve_prefix_match,approved,approve_prefix_match,1877,俊琪,2026-06-19 15:30:00,编码一致，名称规格基本一致，批准匹配
178,5,苏州天华超净科技股份有限公司,21301201 / 白底黑字内箱60*120,21301201,62,21301201,白底黑字内箱60*120,1215×610×25mm,139,139,2055,17927.04,approve_prefix_match,approved,approve_prefix_match,62,俊琪,2026-06-19 15:30:00,编码一致，名称规格基本一致，批准匹配
179,5,苏州天华超净科技股份有限公司,21302092 / 24*36 满衬板61.5*84.5,21302092,924,21302092,24*36 满衬板61.5*84.5,845×615×mm,24,24,7950,17864.50,approve_prefix_match,approved,approve_prefix_match,924,俊琪,2026-06-19 15:30:00,编码一致，名称规格基本一致，批准匹配
180,5,苏州天华超净科技股份有限公司,21301934 / 中性内箱24*36 THH10,21301934,1445,21301934,中性内箱24*36 THH10,935×620×25mm,21,21,1439,17743.68,approve_prefix_match,approved,approve_prefix_match,1445,俊琪,2026-06-19 15:30:00,编码一致，名称规格基本一致，批准匹配
181,5,苏州天华超净科技股份有限公司,"22800001 / 白色8""纸箱565*285*430",22800001,55,22800001,"白色8""纸箱565*285*430",560×280×425mm,17,17,2972,17695.92,approve_prefix_match,approved,approve_prefix_match,55,俊琪,2026-06-19 15:30:00,编码一致，名称规格基本一致，批准匹配
182,5,苏州天华超净科技股份有限公司,21301866 / 白底黑字中性内盒600*1200 日文,21301866,567,21301866,白底黑字中性内盒600*1200 日文,1215×615×28mm,68,68,2018,17404.33,approve_prefix_match,approved,approve_prefix_match,567,俊琪,2026-06-19 15:30:00,编码一致，名称规格基本一致，批准匹配
183,5,苏州天华超净科技股份有限公司,23201090 / 屏蔽袋纸箱50*40*11,23201090,287,23201090,屏蔽袋纸箱50*40*11,510×410×125mm,23,23,2550,17398.30,approve_prefix_match,approved,approve_prefix_match,287,俊琪,2026-06-19 15:30:00,编码一致，名称规格基本一致，批准匹配
184,5,苏州天华超净科技股份有限公司,21301785 / 美国白底黑字内箱36*36拼版式,21301785,7,21301785,美国白底黑字内箱36*36拼版式,920×920×20mm,32,32,1604,17242.08,approve_prefix_match,approved,approve_prefix_match,7,俊琪,2026-06-19 15:30:00,编码一致，名称规格基本一致，批准匹配
185,5,苏州天华超净科技股份有限公司,21302066 / 满衬板35*41 89*97,21302066,193,21302066,满衬板35*41,970×890×mm,53,53,4536,17073.48,approve_prefix_match,approved,approve_prefix_match,193,俊琪,2026-06-19 15:30:00,编码一致，名称规格基本一致，批准匹配
186,5,苏州天华超净科技股份有限公司,22000014 / 空白纸箱52*29*25.5,22000014,333,22000014,空白纸箱52*29*25.5,515×285×250mm,25,25,3908,16949.60,approve_prefix_match,approved,approve_prefix_match,333,俊琪,2026-06-19 15:30:00,编码一致，名称规格基本一致，批准匹配
187,5,苏州天华超净科技股份有限公司,22000015 / 001白卡鞋盒26*10*9.5,22000015,238,22000015,001白卡鞋盒26*10*9.5,260×100×95mm,13,13,19750,16790.00,approve_prefix_match,approved,approve_prefix_match,238,俊琪,2026-06-19 15:30:00,编码一致，名称规格基本一致，批准匹配
188,5,苏州天华超净科技股份有限公司,21311337 / 白底黑字内箱ARC-6090N,21311337,2435,21311337,白底黑字内箱ARC-6090N,910×610×23mm,17,17,2602,16770.25,approve_prefix_match,approved,approve_prefix_match,2435,俊琪,2026-06-19 15:30:00,编码一致，名称规格基本一致，批准匹配
189,5,苏州天华超净科技股份有限公司,23203016 / 衬板72*87,23203016,496,23203016,衬板72*87,870×712×mm,111,111,6289,16711.68,approve_prefix_match,approved,approve_prefix_match,496,俊琪,2026-06-19 15:30:00,编码一致，名称规格基本一致，批准匹配
190,5,苏州天华超净科技股份有限公司,21301266 / 白底蓝字外箱60*120,21301266,141,21301266,白底蓝字外箱60*120,1235×635×185mm,37,37,1005,16564.79,approve_prefix_match,approved,approve_prefix_match,141,俊琪,2026-06-19 15:30:00,编码一致，名称规格基本一致，批准匹配
191,5,苏州天华超净科技股份有限公司,21311314 / 中性纸箱26*45 116*67*8,21311314,1999,21311314,中性纸箱26*45 116*67*8,1160×670×80mm,55,55,965,16362.41,approve_prefix_match,approved,approve_prefix_match,1999,俊琪,2026-06-19 15:30:00,编码一致，名称规格基本一致，批准匹配
192,5,苏州天华超净科技股份有限公司,236050003 / CartonBox 36*36*38,236050003,30,236050003,CartonBox 36*36*38,360×360×380mm,1,1,2000,16220.00,approve_prefix_match,approved,approve_prefix_match,30,俊琪,2026-06-19 15:30:00,编码一致，名称规格基本一致，批准匹配
193,5,苏州天华超净科技股份有限公司,21301876 /白底黑字内盒（青）600*900日文,21301876,659,21301876,白底黑字内盒（青）600*900日文,935×620×25mm,43,43,2079,15875.03,approve_prefix_match,approved,approve_prefix_match,659,俊琪,2026-06-19 15:30:00,编码一致，名称规格基本一致，批准匹配
194,5,苏州天华超净科技股份有限公司,21311162 / 中性内盒60*45,21311162,454,21311162,中性内盒60*45,620×470×21mm,38,38,3620,15711.00,approve_prefix_match,approved,approve_prefix_match,454,俊琪,2026-06-19 15:30:00,编码一致，名称规格基本一致，批准匹配
195,5,苏州天华超净科技股份有限公司,22000004 / 101A纸箱60*40*32,22000004,403,22000004,101A纸箱60*40*32,600×400×320mm,11,11,2159,14951.31,approve_prefix_match,approved,approve_prefix_match,403,俊琪,2026-06-19 15:30:00,编码一致，名称规格基本一致，批准匹配
196,5,苏州天华超净科技股份有限公司,21311120 / 白底蓝字外箱26*45THB8,21311120,236,21311120,白底蓝字外箱26*45THB8,1175×690×180mm,85,85,943,14878.87,approve_prefix_match,approved,approve_prefix_match,236,俊琪,2026-06-19 15:30:00,编码一致，名称规格基本一致，批准匹配
197,5,苏州天华超净科技股份有限公司,21302010 / 满衬板43*83.5,21302010,58,21302010,满衬板43*83.5,835×430×mm,226,226,14213,14333.03,approve_prefix_match,approved,approve_prefix_match,58,俊琪,2026-06-19 15:30:00,编码一致，名称规格基本一致，批准匹配
198,5,苏州天华超净科技股份有限公司,21302084 / 满衬板（24*36）84*60.5,21302084,1139,21302084,满衬板（24*36）84*60.5,840×605×mm,79,79,7013,14312.64,approve_prefix_match,approved,approve_prefix_match,1139,俊琪,2026-06-19 15:30:00,编码一致，名称规格基本一致，批准匹配
199,5,苏州天华超净科技股份有限公司,21301829 / E113用白底蓝字内箱36*60 侧印ITEM,21301829,719,21301829,E113用白底蓝字内箱36*60 侧印ITEM,1540×930×15mm,9,9,800,14180.00,approve_prefix_match,approved,approve_prefix_match,719,俊琪,2026-06-19 15:30:00,编码一致，名称规格基本一致，批准匹配
200,5,苏州天华超净科技股份有限公司,21301804 / E113用白底蓝字内箱24*36,21301804,732,21301804,E113用白底蓝字内盒24*36,930×625×15mm,4,4,1828,14041.48,approve_prefix_match,approved,approve_prefix_match,732,俊琪,2026-06-19 15:30:00,编码一致，名称规格基本一致，批准匹配
